vector_id,video_name,frame_path,frame_pos
0,video_001,c:\Crawl\video_retrieval_project\data\masks\video_001_frame000131.jpg,131
1,video_001,c:\Crawl\video_retrieval_project\data\masks\video_001_frame000262.jpg,262
2,video_001,c:\Crawl\video_retrieval_project\data\masks\video_001_frame000393.jpg,393
3,video_002,c:\Crawl\video_retrieval_project\data\masks\video_002_frame000085.jpg,85
4,video_002,c:\Crawl\video_retrieval_project\data\masks\video_002_frame000170.jpg,170
5,video_002,c:\Crawl\video_retrieval_project\data\masks\video_002_frame000255.jpg,255
6,video_003,c:\Crawl\video_retrieval_project\data\masks\video_003_frame000101.jpg,101
7,video_003,c:\Crawl\video_retrieval_project\data\masks\video_003_frame000202.jpg,202
8,video_003,c:\Crawl\video_retrieval_project\data\masks\video_003_frame000303.jpg,303
9,video_004,c:\Crawl\video_retrieval_project\data\masks\video_004_frame000210.jpg,210
10,video_004,c:\Crawl\video_retrieval_project\data\masks\video_004_frame000420.jpg,420
11,video_004,c:\Crawl\video_retrieval_project\data\masks\video_004_frame000630.jpg,630
12,video_005,c:\Crawl\video_retrieval_project\data\masks\video_005_frame000180.jpg,180
13,video_005,c:\Crawl\video_retrieval_project\data\masks\video_005_frame000350.jpg,350
14,video_005,c:\Crawl\video_retrieval_project\data\masks\video_005_frame000520.jpg,520
15,video_006,c:\Crawl\video_retrieval_project\data\masks\video_006_frame000106.jpg,106
16,video_006,c:\Crawl\video_retrieval_project\data\masks\video_006_frame000212.jpg,212
17,video_006,c:\Crawl\video_retrieval_project\data\masks\video_006_frame000318.jpg,318
18,video_007,c:\Crawl\video_retrieval_project\data\masks\video_007_frame000132.jpg,132
19,video_007,c:\Crawl\video_retrieval_project\data\masks\video_007_frame000264.jpg,264
20,video_007,c:\Crawl\video_retrieval_project\data\masks\video_007_frame000396.jpg,396
21,video_008,c:\Crawl\video_retrieval_project\data\masks\video_008_frame000157.jpg,157
22,video_008,c:\Crawl\video_retrieval_project\data\masks\video_008_frame000314.jpg,314
23,video_008,c:\Crawl\video_retrieval_project\data\masks\video_008_frame000471.jpg,471
24,video_009,c:\Crawl\video_retrieval_project\data\masks\video_009_frame000078.jpg,78
25,video_009,c:\Crawl\video_retrieval_project\data\masks\video_009_frame000156.jpg,156
26,video_009,c:\Crawl\video_retrieval_project\data\masks\video_009_frame000234.jpg,234
27,video_010,c:\Crawl\video_retrieval_project\data\masks\video_010_frame000170.jpg,170
28,video_010,c:\Crawl\video_retrieval_project\data\masks\video_010_frame000340.jpg,340
29,video_010,c:\Crawl\video_retrieval_project\data\masks\video_010_frame000510.jpg,510
30,video_011,c:\Crawl\video_retrieval_project\data\masks\video_011_frame000148.jpg,148
31,video_011,c:\Crawl\video_retrieval_project\data\masks\video_011_frame000296.jpg,296
32,video_011,c:\Crawl\video_retrieval_project\data\masks\video_011_frame000444.jpg,444
33,video_012,c:\Crawl\video_retrieval_project\data\masks\video_012_frame000126.jpg,126
34,video_012,c:\Crawl\video_retrieval_project\data\masks\video_012_frame000252.jpg,252
35,video_012,c:\Crawl\video_retrieval_project\data\masks\video_012_frame000378.jpg,378
36,video_013,c:\Crawl\video_retrieval_project\data\masks\video_013_frame000114.jpg,114
37,video_013,c:\Crawl\video_retrieval_project\data\masks\video_013_frame000228.jpg,228
38,video_013,c:\Crawl\video_retrieval_project\data\masks\video_013_frame000342.jpg,342
39,video_014,c:\Crawl\video_retrieval_project\data\masks\video_014_frame000141.jpg,141
40,video_014,c:\Crawl\video_retrieval_project\data\masks\video_014_frame000282.jpg,282
41,video_014,c:\Crawl\video_retrieval_project\data\masks\video_014_frame000423.jpg,423
42,video_015,c:\Crawl\video_retrieval_project\data\masks\video_015_frame000105.jpg,105
43,video_015,c:\Crawl\video_retrieval_project\data\masks\video_015_frame000210.jpg,210
44,video_015,c:\Crawl\video_retrieval_project\data\masks\video_015_frame000315.jpg,315
45,video_016,c:\Crawl\video_retrieval_project\data\masks\video_016_frame000123.jpg,123
46,video_016,c:\Crawl\video_retrieval_project\data\masks\video_016_frame000246.jpg,246
47,video_016,c:\Crawl\video_retrieval_project\data\masks\video_016_frame000369.jpg,369
48,video_017,c:\Crawl\video_retrieval_project\data\masks\video_017_frame000156.jpg,156
49,video_017,c:\Crawl\video_retrieval_project\data\masks\video_017_frame000312.jpg,312
50,video_017,c:\Crawl\video_retrieval_project\data\masks\video_017_frame000468.jpg,468
51,video_018,c:\Crawl\video_retrieval_project\data\masks\video_018_frame000105.jpg,105
52,video_018,c:\Crawl\video_retrieval_project\data\masks\video_018_frame000210.jpg,210
53,video_018,c:\Crawl\video_retrieval_project\data\masks\video_018_frame000315.jpg,315
54,video_019,c:\Crawl\video_retrieval_project\data\masks\video_019_frame000154.jpg,154
55,video_019,c:\Crawl\video_retrieval_project\data\masks\video_019_frame000308.jpg,308
56,video_019,c:\Crawl\video_retrieval_project\data\masks\video_019_frame000462.jpg,462
57,video_020,c:\Crawl\video_retrieval_project\data\masks\video_020_frame000164.jpg,164
58,video_020,c:\Crawl\video_retrieval_project\data\masks\video_020_frame000328.jpg,328
59,video_020,c:\Crawl\video_retrieval_project\data\masks\video_020_frame000492.jpg,492
60,video_021,c:\Crawl\video_retrieval_project\data\masks\video_021_frame000097.jpg,97
61,video_021,c:\Crawl\video_retrieval_project\data\masks\video_021_frame000194.jpg,194
62,video_021,c:\Crawl\video_retrieval_project\data\masks\video_021_frame000291.jpg,291
63,video_022,c:\Crawl\video_retrieval_project\data\masks\video_022_frame000097.jpg,97
64,video_022,c:\Crawl\video_retrieval_project\data\masks\video_022_frame000194.jpg,194
65,video_022,c:\Crawl\video_retrieval_project\data\masks\video_022_frame000291.jpg,291
66,video_023,c:\Crawl\video_retrieval_project\data\masks\video_023_frame000074.jpg,74
67,video_023,c:\Crawl\video_retrieval_project\data\masks\video_023_frame000148.jpg,148
68,video_023,c:\Crawl\video_retrieval_project\data\masks\video_023_frame000222.jpg,222
69,video_024,c:\Crawl\video_retrieval_project\data\masks\video_024_frame000336.jpg,336
70,video_024,c:\Crawl\video_retrieval_project\data\masks\video_024_frame000672.jpg,672
71,video_024,c:\Crawl\video_retrieval_project\data\masks\video_024_frame001008.jpg,1008
72,video_025,c:\Crawl\video_retrieval_project\data\masks\video_025_frame000300.jpg,300
73,video_025,c:\Crawl\video_retrieval_project\data\masks\video_025_frame000600.jpg,600
74,video_025,c:\Crawl\video_retrieval_project\data\masks\video_025_frame000900.jpg,900
75,video_026,c:\Crawl\video_retrieval_project\data\masks\video_026_frame000151.jpg,151
76,video_026,c:\Crawl\video_retrieval_project\data\masks\video_026_frame000302.jpg,302
77,video_026,c:\Crawl\video_retrieval_project\data\masks\video_026_frame000453.jpg,453
78,video_027,c:\Crawl\video_retrieval_project\data\masks\video_027_frame000401.jpg,401
79,video_027,c:\Crawl\video_retrieval_project\data\masks\video_027_frame000802.jpg,802
80,video_027,c:\Crawl\video_retrieval_project\data\masks\video_027_frame001203.jpg,1203
81,video_028,c:\Crawl\video_retrieval_project\data\masks\video_028_frame000159.jpg,159
82,video_028,c:\Crawl\video_retrieval_project\data\masks\video_028_frame000318.jpg,318
83,video_028,c:\Crawl\video_retrieval_project\data\masks\video_028_frame000477.jpg,477
84,video_029,c:\Crawl\video_retrieval_project\data\masks\video_029_frame000227.jpg,227
85,video_029,c:\Crawl\video_retrieval_project\data\masks\video_029_frame000454.jpg,454
86,video_029,c:\Crawl\video_retrieval_project\data\masks\video_029_frame000681.jpg,681
87,video_030,c:\Crawl\video_retrieval_project\data\masks\video_030_frame000108.jpg,108
88,video_030,c:\Crawl\video_retrieval_project\data\masks\video_030_frame000216.jpg,216
89,video_030,c:\Crawl\video_retrieval_project\data\masks\video_030_frame000324.jpg,324
90,video_031,c:\Crawl\video_retrieval_project\data\masks\video_031_frame000193.jpg,193
91,video_031,c:\Crawl\video_retrieval_project\data\masks\video_031_frame000386.jpg,386
92,video_031,c:\Crawl\video_retrieval_project\data\masks\video_031_frame000579.jpg,579
93,video_032,c:\Crawl\video_retrieval_project\data\masks\video_032_frame000170.jpg,170
94,video_032,c:\Crawl\video_retrieval_project\data\masks\video_032_frame000340.jpg,340
95,video_032,c:\Crawl\video_retrieval_project\data\masks\video_032_frame000510.jpg,510
96,video_033,c:\Crawl\video_retrieval_project\data\masks\video_033_frame000141.jpg,141
97,video_033,c:\Crawl\video_retrieval_project\data\masks\video_033_frame000282.jpg,282
98,video_033,c:\Crawl\video_retrieval_project\data\masks\video_033_frame000423.jpg,423
99,video_034,c:\Crawl\video_retrieval_project\data\masks\video_034_frame000306.jpg,306
100,video_034,c:\Crawl\video_retrieval_project\data\masks\video_034_frame000612.jpg,612
101,video_034,c:\Crawl\video_retrieval_project\data\masks\video_034_frame000918.jpg,918
102,video_035,c:\Crawl\video_retrieval_project\data\masks\video_035_frame000125.jpg,125
103,video_035,c:\Crawl\video_retrieval_project\data\masks\video_035_frame000250.jpg,250
104,video_035,c:\Crawl\video_retrieval_project\data\masks\video_035_frame000375.jpg,375
105,video_036,c:\Crawl\video_retrieval_project\data\masks\video_036_frame000097.jpg,97
106,video_036,c:\Crawl\video_retrieval_project\data\masks\video_036_frame000194.jpg,194
107,video_036,c:\Crawl\video_retrieval_project\data\masks\video_036_frame000291.jpg,291
108,video_037,c:\Crawl\video_retrieval_project\data\masks\video_037_frame000116.jpg,116
109,video_037,c:\Crawl\video_retrieval_project\data\masks\video_037_frame000232.jpg,232
110,video_037,c:\Crawl\video_retrieval_project\data\masks\video_037_frame000348.jpg,348
111,video_038,c:\Crawl\video_retrieval_project\data\masks\video_038_frame000144.jpg,144
112,video_038,c:\Crawl\video_retrieval_project\data\masks\video_038_frame000288.jpg,288
113,video_038,c:\Crawl\video_retrieval_project\data\masks\video_038_frame000432.jpg,432
114,video_039,c:\Crawl\video_retrieval_project\data\masks\video_039_frame000142.jpg,142
115,video_039,c:\Crawl\video_retrieval_project\data\masks\video_039_frame000284.jpg,284
116,video_039,c:\Crawl\video_retrieval_project\data\masks\video_039_frame000426.jpg,426
117,video_040,c:\Crawl\video_retrieval_project\data\masks\video_040_frame000129.jpg,129
118,video_040,c:\Crawl\video_retrieval_project\data\masks\video_040_frame000258.jpg,258
119,video_040,c:\Crawl\video_retrieval_project\data\masks\video_040_frame000387.jpg,387
120,video_041,c:\Crawl\video_retrieval_project\data\masks\video_041_frame000102.jpg,102
121,video_041,c:\Crawl\video_retrieval_project\data\masks\video_041_frame000204.jpg,204
122,video_041,c:\Crawl\video_retrieval_project\data\masks\video_041_frame000306.jpg,306
123,video_042,c:\Crawl\video_retrieval_project\data\masks\video_042_frame000116.jpg,116
124,video_042,c:\Crawl\video_retrieval_project\data\masks\video_042_frame000232.jpg,232
125,video_042,c:\Crawl\video_retrieval_project\data\masks\video_042_frame000348.jpg,348
126,video_043,c:\Crawl\video_retrieval_project\data\masks\video_043_frame000219.jpg,219
127,video_043,c:\Crawl\video_retrieval_project\data\masks\video_043_frame000438.jpg,438
128,video_043,c:\Crawl\video_retrieval_project\data\masks\video_043_frame000657.jpg,657
129,video_044,c:\Crawl\video_retrieval_project\data\masks\video_044_frame000192.jpg,192
130,video_044,c:\Crawl\video_retrieval_project\data\masks\video_044_frame000384.jpg,384
131,video_044,c:\Crawl\video_retrieval_project\data\masks\video_044_frame000576.jpg,576
132,video_045,c:\Crawl\video_retrieval_project\data\masks\video_045_frame000045.jpg,45
133,video_045,c:\Crawl\video_retrieval_project\data\masks\video_045_frame000090.jpg,90
134,video_045,c:\Crawl\video_retrieval_project\data\masks\video_045_frame000135.jpg,135
135,video_046,c:\Crawl\video_retrieval_project\data\masks\video_046_frame000290.jpg,290
136,video_046,c:\Crawl\video_retrieval_project\data\masks\video_046_frame000580.jpg,580
137,video_046,c:\Crawl\video_retrieval_project\data\masks\video_046_frame000870.jpg,870
138,video_047,c:\Crawl\video_retrieval_project\data\masks\video_047_frame000073.jpg,73
139,video_047,c:\Crawl\video_retrieval_project\data\masks\video_047_frame000146.jpg,146
140,video_047,c:\Crawl\video_retrieval_project\data\masks\video_047_frame000219.jpg,219
141,video_048,c:\Crawl\video_retrieval_project\data\masks\video_048_frame000271.jpg,271
142,video_048,c:\Crawl\video_retrieval_project\data\masks\video_048_frame000542.jpg,542
143,video_048,c:\Crawl\video_retrieval_project\data\masks\video_048_frame000813.jpg,813
144,video_049,c:\Crawl\video_retrieval_project\data\masks\video_049_frame000084.jpg,84
145,video_049,c:\Crawl\video_retrieval_project\data\masks\video_049_frame000168.jpg,168
146,video_049,c:\Crawl\video_retrieval_project\data\masks\video_049_frame000252.jpg,252
147,video_050,c:\Crawl\video_retrieval_project\data\masks\video_050_frame000075.jpg,75
148,video_050,c:\Crawl\video_retrieval_project\data\masks\video_050_frame000150.jpg,150
149,video_050,c:\Crawl\video_retrieval_project\data\masks\video_050_frame000225.jpg,225
150,video_051,c:\Crawl\video_retrieval_project\data\masks\video_051_frame000226.jpg,226
151,video_051,c:\Crawl\video_retrieval_project\data\masks\video_051_frame000452.jpg,452
152,video_051,c:\Crawl\video_retrieval_project\data\masks\video_051_frame000678.jpg,678
153,video_052,c:\Crawl\video_retrieval_project\data\masks\video_052_frame000112.jpg,112
154,video_052,c:\Crawl\video_retrieval_project\data\masks\video_052_frame000224.jpg,224
155,video_052,c:\Crawl\video_retrieval_project\data\masks\video_052_frame000336.jpg,336
156,video_053,c:\Crawl\video_retrieval_project\data\masks\video_053_frame000225.jpg,225
157,video_053,c:\Crawl\video_retrieval_project\data\masks\video_053_frame000450.jpg,450
158,video_053,c:\Crawl\video_retrieval_project\data\masks\video_053_frame000675.jpg,675
159,video_054,c:\Crawl\video_retrieval_project\data\masks\video_054_frame000225.jpg,225
160,video_054,c:\Crawl\video_retrieval_project\data\masks\video_054_frame000450.jpg,450
161,video_054,c:\Crawl\video_retrieval_project\data\masks\video_054_frame000675.jpg,675
162,video_055,c:\Crawl\video_retrieval_project\data\masks\video_055_frame000225.jpg,225
163,video_055,c:\Crawl\video_retrieval_project\data\masks\video_055_frame000450.jpg,450
164,video_055,c:\Crawl\video_retrieval_project\data\masks\video_055_frame000675.jpg,675
165,video_056,c:\Crawl\video_retrieval_project\data\masks\video_056_frame000078.jpg,78
166,video_056,c:\Crawl\video_retrieval_project\data\masks\video_056_frame000156.jpg,156
167,video_056,c:\Crawl\video_retrieval_project\data\masks\video_056_frame000234.jpg,234
168,video_057,c:\Crawl\video_retrieval_project\data\masks\video_057_frame000156.jpg,156
169,video_057,c:\Crawl\video_retrieval_project\data\masks\video_057_frame000312.jpg,312
170,video_057,c:\Crawl\video_retrieval_project\data\masks\video_057_frame000468.jpg,468
171,video_058,c:\Crawl\video_retrieval_project\data\masks\video_058_frame000314.jpg,314
172,video_058,c:\Crawl\video_retrieval_project\data\masks\video_058_frame000628.jpg,628
173,video_058,c:\Crawl\video_retrieval_project\data\masks\video_058_frame000942.jpg,942
174,video_059,c:\Crawl\video_retrieval_project\data\masks\video_059_frame000151.jpg,151
175,video_059,c:\Crawl\video_retrieval_project\data\masks\video_059_frame000302.jpg,302
176,video_059,c:\Crawl\video_retrieval_project\data\masks\video_059_frame000453.jpg,453
177,video_060,c:\Crawl\video_retrieval_project\data\masks\video_060_frame000162.jpg,162
178,video_060,c:\Crawl\video_retrieval_project\data\masks\video_060_frame000324.jpg,324
179,video_060,c:\Crawl\video_retrieval_project\data\masks\video_060_frame000486.jpg,486
180,video_061,c:\Crawl\video_retrieval_project\data\masks\video_061_frame000112.jpg,112
181,video_061,c:\Crawl\video_retrieval_project\data\masks\video_061_frame000224.jpg,224
182,video_061,c:\Crawl\video_retrieval_project\data\masks\video_061_frame000336.jpg,336
183,video_062,c:\Crawl\video_retrieval_project\data\masks\video_062_frame000239.jpg,239
184,video_062,c:\Crawl\video_retrieval_project\data\masks\video_062_frame000478.jpg,478
185,video_062,c:\Crawl\video_retrieval_project\data\masks\video_062_frame000717.jpg,717
186,video_063,c:\Crawl\video_retrieval_project\data\masks\video_063_frame000198.jpg,198
187,video_063,c:\Crawl\video_retrieval_project\data\masks\video_063_frame000396.jpg,396
188,video_063,c:\Crawl\video_retrieval_project\data\masks\video_063_frame000594.jpg,594
189,video_064,c:\Crawl\video_retrieval_project\data\masks\video_064_frame000304.jpg,304
190,video_064,c:\Crawl\video_retrieval_project\data\masks\video_064_frame000608.jpg,608
191,video_064,c:\Crawl\video_retrieval_project\data\masks\video_064_frame000912.jpg,912
192,video_065,c:\Crawl\video_retrieval_project\data\masks\video_065_frame000137.jpg,137
193,video_065,c:\Crawl\video_retrieval_project\data\masks\video_065_frame000274.jpg,274
194,video_065,c:\Crawl\video_retrieval_project\data\masks\video_065_frame000411.jpg,411
195,video_066,c:\Crawl\video_retrieval_project\data\masks\video_066_frame000094.jpg,94
196,video_066,c:\Crawl\video_retrieval_project\data\masks\video_066_frame000188.jpg,188
197,video_066,c:\Crawl\video_retrieval_project\data\masks\video_066_frame000282.jpg,282
198,video_067,c:\Crawl\video_retrieval_project\data\masks\video_067_frame000150.jpg,150
199,video_067,c:\Crawl\video_retrieval_project\data\masks\video_067_frame000300.jpg,300
200,video_067,c:\Crawl\video_retrieval_project\data\masks\video_067_frame000450.jpg,450
201,video_068,c:\Crawl\video_retrieval_project\data\masks\video_068_frame000242.jpg,242
202,video_068,c:\Crawl\video_retrieval_project\data\masks\video_068_frame000484.jpg,484
203,video_068,c:\Crawl\video_retrieval_project\data\masks\video_068_frame000726.jpg,726
204,video_069,c:\Crawl\video_retrieval_project\data\masks\video_069_frame000136.jpg,136
205,video_069,c:\Crawl\video_retrieval_project\data\masks\video_069_frame000272.jpg,272
206,video_069,c:\Crawl\video_retrieval_project\data\masks\video_069_frame000408.jpg,408
207,video_070,c:\Crawl\video_retrieval_project\data\masks\video_070_frame000130.jpg,130
208,video_070,c:\Crawl\video_retrieval_project\data\masks\video_070_frame000260.jpg,260
209,video_070,c:\Crawl\video_retrieval_project\data\masks\video_070_frame000390.jpg,390
210,video_071,c:\Crawl\video_retrieval_project\data\masks\video_071_frame000137.jpg,137
211,video_071,c:\Crawl\video_retrieval_project\data\masks\video_071_frame000274.jpg,274
212,video_071,c:\Crawl\video_retrieval_project\data\masks\video_071_frame000411.jpg,411
213,video_072,c:\Crawl\video_retrieval_project\data\masks\video_072_frame000137.jpg,137
214,video_072,c:\Crawl\video_retrieval_project\data\masks\video_072_frame000274.jpg,274
215,video_072,c:\Crawl\video_retrieval_project\data\masks\video_072_frame000411.jpg,411
216,video_073,c:\Crawl\video_retrieval_project\data\masks\video_073_frame000144.jpg,144
217,video_073,c:\Crawl\video_retrieval_project\data\masks\video_073_frame000288.jpg,288
218,video_073,c:\Crawl\video_retrieval_project\data\masks\video_073_frame000432.jpg,432
219,video_074,c:\Crawl\video_retrieval_project\data\masks\video_074_frame000138.jpg,138
220,video_074,c:\Crawl\video_retrieval_project\data\masks\video_074_frame000276.jpg,276
221,video_074,c:\Crawl\video_retrieval_project\data\masks\video_074_frame000414.jpg,414
222,video_075,c:\Crawl\video_retrieval_project\data\masks\video_075_frame000440.jpg,440
223,video_075,c:\Crawl\video_retrieval_project\data\masks\video_075_frame000880.jpg,880
224,video_075,c:\Crawl\video_retrieval_project\data\masks\video_075_frame001320.jpg,1320
225,video_076,c:\Crawl\video_retrieval_project\data\masks\video_076_frame000245.jpg,245
226,video_076,c:\Crawl\video_retrieval_project\data\masks\video_076_frame000490.jpg,490
227,video_076,c:\Crawl\video_retrieval_project\data\masks\video_076_frame000735.jpg,735
228,video_077,c:\Crawl\video_retrieval_project\data\masks\video_077_frame000155.jpg,155
229,video_077,c:\Crawl\video_retrieval_project\data\masks\video_077_frame000310.jpg,310
230,video_077,c:\Crawl\video_retrieval_project\data\masks\video_077_frame000465.jpg,465
231,video_078,c:\Crawl\video_retrieval_project\data\masks\video_078_frame000092.jpg,92
232,video_078,c:\Crawl\video_retrieval_project\data\masks\video_078_frame000184.jpg,184
233,video_078,c:\Crawl\video_retrieval_project\data\masks\video_078_frame000276.jpg,276
234,video_079,c:\Crawl\video_retrieval_project\data\masks\video_079_frame000117.jpg,117
235,video_079,c:\Crawl\video_retrieval_project\data\masks\video_079_frame000234.jpg,234
236,video_079,c:\Crawl\video_retrieval_project\data\masks\video_079_frame000351.jpg,351
237,video_080,c:\Crawl\video_retrieval_project\data\masks\video_080_frame000171.jpg,171
238,video_080,c:\Crawl\video_retrieval_project\data\masks\video_080_frame000342.jpg,342
239,video_080,c:\Crawl\video_retrieval_project\data\masks\video_080_frame000513.jpg,513
240,video_081,c:\Crawl\video_retrieval_project\data\masks\video_081_frame000215.jpg,215
241,video_081,c:\Crawl\video_retrieval_project\data\masks\video_081_frame000430.jpg,430
242,video_081,c:\Crawl\video_retrieval_project\data\masks\video_081_frame000645.jpg,645
243,video_082,c:\Crawl\video_retrieval_project\data\masks\video_082_frame000060.jpg,60
244,video_082,c:\Crawl\video_retrieval_project\data\masks\video_082_frame000120.jpg,120
245,video_082,c:\Crawl\video_retrieval_project\data\masks\video_082_frame000180.jpg,180
246,video_083,c:\Crawl\video_retrieval_project\data\masks\video_083_frame000076.jpg,76
247,video_083,c:\Crawl\video_retrieval_project\data\masks\video_083_frame000152.jpg,152
248,video_083,c:\Crawl\video_retrieval_project\data\masks\video_083_frame000228.jpg,228
249,video_084,c:\Crawl\video_retrieval_project\data\masks\video_084_frame000082.jpg,82
250,video_084,c:\Crawl\video_retrieval_project\data\masks\video_084_frame000164.jpg,164
251,video_084,c:\Crawl\video_retrieval_project\data\masks\video_084_frame000246.jpg,246
252,video_085,c:\Crawl\video_retrieval_project\data\masks\video_085_frame000129.jpg,129
253,video_085,c:\Crawl\video_retrieval_project\data\masks\video_085_frame000258.jpg,258
254,video_085,c:\Crawl\video_retrieval_project\data\masks\video_085_frame000387.jpg,387
255,video_086,c:\Crawl\video_retrieval_project\data\masks\video_086_frame000082.jpg,82
256,video_086,c:\Crawl\video_retrieval_project\data\masks\video_086_frame000164.jpg,164
257,video_086,c:\Crawl\video_retrieval_project\data\masks\video_086_frame000246.jpg,246
258,video_087,c:\Crawl\video_retrieval_project\data\masks\video_087_frame000092.jpg,92
259,video_087,c:\Crawl\video_retrieval_project\data\masks\video_087_frame000184.jpg,184
260,video_087,c:\Crawl\video_retrieval_project\data\masks\video_087_frame000276.jpg,276
261,video_088,c:\Crawl\video_retrieval_project\data\masks\video_088_frame000114.jpg,114
262,video_088,c:\Crawl\video_retrieval_project\data\masks\video_088_frame000228.jpg,228
263,video_088,c:\Crawl\video_retrieval_project\data\masks\video_088_frame000342.jpg,342
264,video_089,c:\Crawl\video_retrieval_project\data\masks\video_089_frame000250.jpg,250
265,video_089,c:\Crawl\video_retrieval_project\data\masks\video_089_frame000500.jpg,500
266,video_089,c:\Crawl\video_retrieval_project\data\masks\video_089_frame000750.jpg,750
267,video_090,c:\Crawl\video_retrieval_project\data\masks\video_090_frame000124.jpg,124
268,video_090,c:\Crawl\video_retrieval_project\data\masks\video_090_frame000248.jpg,248
269,video_090,c:\Crawl\video_retrieval_project\data\masks\video_090_frame000372.jpg,372
270,video_091,c:\Crawl\video_retrieval_project\data\masks\video_091_frame000071.jpg,71
271,video_091,c:\Crawl\video_retrieval_project\data\masks\video_091_frame000142.jpg,142
272,video_091,c:\Crawl\video_retrieval_project\data\masks\video_091_frame000213.jpg,213
273,video_092,c:\Crawl\video_retrieval_project\data\masks\video_092_frame000220.jpg,220
274,video_092,c:\Crawl\video_retrieval_project\data\masks\video_092_frame000440.jpg,440
275,video_092,c:\Crawl\video_retrieval_project\data\masks\video_092_frame000660.jpg,660
276,video_093,c:\Crawl\video_retrieval_project\data\masks\video_093_frame000066.jpg,66
277,video_093,c:\Crawl\video_retrieval_project\data\masks\video_093_frame000132.jpg,132
278,video_093,c:\Crawl\video_retrieval_project\data\masks\video_093_frame000198.jpg,198
279,video_094,c:\Crawl\video_retrieval_project\data\masks\video_094_frame000084.jpg,84
280,video_094,c:\Crawl\video_retrieval_project\data\masks\video_094_frame000168.jpg,168
281,video_094,c:\Crawl\video_retrieval_project\data\masks\video_094_frame000252.jpg,252
282,video_095,c:\Crawl\video_retrieval_project\data\masks\video_095_frame000200.jpg,200
283,video_095,c:\Crawl\video_retrieval_project\data\masks\video_095_frame000400.jpg,400
284,video_095,c:\Crawl\video_retrieval_project\data\masks\video_095_frame000600.jpg,600
285,video_096,c:\Crawl\video_retrieval_project\data\masks\video_096_frame000345.jpg,345
286,video_096,c:\Crawl\video_retrieval_project\data\masks\video_096_frame000690.jpg,690
287,video_096,c:\Crawl\video_retrieval_project\data\masks\video_096_frame001035.jpg,1035
288,video_097,c:\Crawl\video_retrieval_project\data\masks\video_097_frame000076.jpg,76
289,video_097,c:\Crawl\video_retrieval_project\data\masks\video_097_frame000152.jpg,152
290,video_097,c:\Crawl\video_retrieval_project\data\masks\video_097_frame000228.jpg,228
291,video_098,c:\Crawl\video_retrieval_project\data\masks\video_098_frame000165.jpg,165
292,video_098,c:\Crawl\video_retrieval_project\data\masks\video_098_frame000330.jpg,330
293,video_098,c:\Crawl\video_retrieval_project\data\masks\video_098_frame000495.jpg,495
294,video_099,c:\Crawl\video_retrieval_project\data\masks\video_099_frame000365.jpg,365
295,video_099,c:\Crawl\video_retrieval_project\data\masks\video_099_frame000730.jpg,730
296,video_099,c:\Crawl\video_retrieval_project\data\masks\video_099_frame001095.jpg,1095
297,video_100,c:\Crawl\video_retrieval_project\data\masks\video_100_frame000080.jpg,80
298,video_100,c:\Crawl\video_retrieval_project\data\masks\video_100_frame000160.jpg,160
299,video_100,c:\Crawl\video_retrieval_project\data\masks\video_100_frame000240.jpg,240
300,video_101,c:\Crawl\video_retrieval_project\data\masks\video_101_frame000088.jpg,88
301,video_101,c:\Crawl\video_retrieval_project\data\masks\video_101_frame000176.jpg,176
302,video_101,c:\Crawl\video_retrieval_project\data\masks\video_101_frame000264.jpg,264
303,video_102,c:\Crawl\video_retrieval_project\data\masks\video_102_frame000173.jpg,173
304,video_102,c:\Crawl\video_retrieval_project\data\masks\video_102_frame000346.jpg,346
305,video_102,c:\Crawl\video_retrieval_project\data\masks\video_102_frame000519.jpg,519
306,video_103,c:\Crawl\video_retrieval_project\data\masks\video_103_frame000083.jpg,83
307,video_103,c:\Crawl\video_retrieval_project\data\masks\video_103_frame000166.jpg,166
308,video_103,c:\Crawl\video_retrieval_project\data\masks\video_103_frame000249.jpg,249
309,video_104,c:\Crawl\video_retrieval_project\data\masks\video_104_frame000123.jpg,123
310,video_104,c:\Crawl\video_retrieval_project\data\masks\video_104_frame000246.jpg,246
311,video_104,c:\Crawl\video_retrieval_project\data\masks\video_104_frame000369.jpg,369
312,video_105,c:\Crawl\video_retrieval_project\data\masks\video_105_frame000403.jpg,403
313,video_105,c:\Crawl\video_retrieval_project\data\masks\video_105_frame000806.jpg,806
314,video_105,c:\Crawl\video_retrieval_project\data\masks\video_105_frame001209.jpg,1209
315,video_106,c:\Crawl\video_retrieval_project\data\masks\video_106_frame000207.jpg,207
316,video_106,c:\Crawl\video_retrieval_project\data\masks\video_106_frame000414.jpg,414
317,video_106,c:\Crawl\video_retrieval_project\data\masks\video_106_frame000621.jpg,621
318,video_107,c:\Crawl\video_retrieval_project\data\masks\video_107_frame000178.jpg,178
319,video_107,c:\Crawl\video_retrieval_project\data\masks\video_107_frame000356.jpg,356
320,video_107,c:\Crawl\video_retrieval_project\data\masks\video_107_frame000534.jpg,534
321,video_108,c:\Crawl\video_retrieval_project\data\masks\video_108_frame000140.jpg,140
322,video_108,c:\Crawl\video_retrieval_project\data\masks\video_108_frame000280.jpg,280
323,video_108,c:\Crawl\video_retrieval_project\data\masks\video_108_frame000420.jpg,420
324,video_109,c:\Crawl\video_retrieval_project\data\masks\video_109_frame000129.jpg,129
325,video_109,c:\Crawl\video_retrieval_project\data\masks\video_109_frame000258.jpg,258
326,video_109,c:\Crawl\video_retrieval_project\data\masks\video_109_frame000387.jpg,387
327,video_110,c:\Crawl\video_retrieval_project\data\masks\video_110_frame000115.jpg,115
328,video_110,c:\Crawl\video_retrieval_project\data\masks\video_110_frame000230.jpg,230
329,video_110,c:\Crawl\video_retrieval_project\data\masks\video_110_frame000345.jpg,345
330,video_111,c:\Crawl\video_retrieval_project\data\masks\video_111_frame000120.jpg,120
331,video_111,c:\Crawl\video_retrieval_project\data\masks\video_111_frame000240.jpg,240
332,video_111,c:\Crawl\video_retrieval_project\data\masks\video_111_frame000360.jpg,360
333,video_112,c:\Crawl\video_retrieval_project\data\masks\video_112_frame000256.jpg,256
334,video_112,c:\Crawl\video_retrieval_project\data\masks\video_112_frame000512.jpg,512
335,video_112,c:\Crawl\video_retrieval_project\data\masks\video_112_frame000768.jpg,768
336,video_113,c:\Crawl\video_retrieval_project\data\masks\video_113_frame000118.jpg,118
337,video_113,c:\Crawl\video_retrieval_project\data\masks\video_113_frame000236.jpg,236
338,video_113,c:\Crawl\video_retrieval_project\data\masks\video_113_frame000354.jpg,354
339,video_114,c:\Crawl\video_retrieval_project\data\masks\video_114_frame000589.jpg,589
340,video_114,c:\Crawl\video_retrieval_project\data\masks\video_114_frame001178.jpg,1178
341,video_114,c:\Crawl\video_retrieval_project\data\masks\video_114_frame001767.jpg,1767
342,video_115,c:\Crawl\video_retrieval_project\data\masks\video_115_frame000224.jpg,224
343,video_115,c:\Crawl\video_retrieval_project\data\masks\video_115_frame000448.jpg,448
344,video_115,c:\Crawl\video_retrieval_project\data\masks\video_115_frame000672.jpg,672
345,video_116,c:\Crawl\video_retrieval_project\data\masks\video_116_frame000105.jpg,105
346,video_116,c:\Crawl\video_retrieval_project\data\masks\video_116_frame000210.jpg,210
347,video_116,c:\Crawl\video_retrieval_project\data\masks\video_116_frame000315.jpg,315
348,video_117,c:\Crawl\video_retrieval_project\data\masks\video_117_frame000122.jpg,122
349,video_117,c:\Crawl\video_retrieval_project\data\masks\video_117_frame000244.jpg,244
350,video_117,c:\Crawl\video_retrieval_project\data\masks\video_117_frame000366.jpg,366
351,video_118,c:\Crawl\video_retrieval_project\data\masks\video_118_frame000086.jpg,86
352,video_118,c:\Crawl\video_retrieval_project\data\masks\video_118_frame000172.jpg,172
353,video_118,c:\Crawl\video_retrieval_project\data\masks\video_118_frame000258.jpg,258
354,video_119,c:\Crawl\video_retrieval_project\data\masks\video_119_frame000188.jpg,188
355,video_119,c:\Crawl\video_retrieval_project\data\masks\video_119_frame000376.jpg,376
356,video_119,c:\Crawl\video_retrieval_project\data\masks\video_119_frame000564.jpg,564
357,video_120,c:\Crawl\video_retrieval_project\data\masks\video_120_frame000290.jpg,290
358,video_120,c:\Crawl\video_retrieval_project\data\masks\video_120_frame000580.jpg,580
359,video_120,c:\Crawl\video_retrieval_project\data\masks\video_120_frame000870.jpg,870
360,video_121,c:\Crawl\video_retrieval_project\data\masks\video_121_frame000300.jpg,300
361,video_121,c:\Crawl\video_retrieval_project\data\masks\video_121_frame000600.jpg,600
362,video_121,c:\Crawl\video_retrieval_project\data\masks\video_121_frame000900.jpg,900
363,video_122,c:\Crawl\video_retrieval_project\data\masks\video_122_frame000151.jpg,151
364,video_122,c:\Crawl\video_retrieval_project\data\masks\video_122_frame000302.jpg,302
365,video_122,c:\Crawl\video_retrieval_project\data\masks\video_122_frame000453.jpg,453
366,video_123,c:\Crawl\video_retrieval_project\data\masks\video_123_frame000086.jpg,86
367,video_123,c:\Crawl\video_retrieval_project\data\masks\video_123_frame000172.jpg,172
368,video_123,c:\Crawl\video_retrieval_project\data\masks\video_123_frame000258.jpg,258
369,video_124,c:\Crawl\video_retrieval_project\data\masks\video_124_frame000075.jpg,75
370,video_124,c:\Crawl\video_retrieval_project\data\masks\video_124_frame000150.jpg,150
371,video_124,c:\Crawl\video_retrieval_project\data\masks\video_124_frame000225.jpg,225
372,video_125,c:\Crawl\video_retrieval_project\data\masks\video_125_frame000321.jpg,321
373,video_125,c:\Crawl\video_retrieval_project\data\masks\video_125_frame000642.jpg,642
374,video_125,c:\Crawl\video_retrieval_project\data\masks\video_125_frame000963.jpg,963
375,video_126,c:\Crawl\video_retrieval_project\data\masks\video_126_frame000725.jpg,725
376,video_126,c:\Crawl\video_retrieval_project\data\masks\video_126_frame001450.jpg,1450
377,video_126,c:\Crawl\video_retrieval_project\data\masks\video_126_frame002175.jpg,2175
378,video_127,c:\Crawl\video_retrieval_project\data\masks\video_127_frame000180.jpg,180
379,video_127,c:\Crawl\video_retrieval_project\data\masks\video_127_frame000360.jpg,360
380,video_127,c:\Crawl\video_retrieval_project\data\masks\video_127_frame000540.jpg,540
381,video_128,c:\Crawl\video_retrieval_project\data\masks\video_128_frame000387.jpg,387
382,video_128,c:\Crawl\video_retrieval_project\data\masks\video_128_frame000774.jpg,774
383,video_128,c:\Crawl\video_retrieval_project\data\masks\video_128_frame001161.jpg,1161
384,video_129,c:\Crawl\video_retrieval_project\data\masks\video_129_frame000125.jpg,125
385,video_129,c:\Crawl\video_retrieval_project\data\masks\video_129_frame000250.jpg,250
386,video_129,c:\Crawl\video_retrieval_project\data\masks\video_129_frame000375.jpg,375
387,video_130,c:\Crawl\video_retrieval_project\data\masks\video_130_frame000202.jpg,202
388,video_130,c:\Crawl\video_retrieval_project\data\masks\video_130_frame000390.jpg,390
389,video_130,c:\Crawl\video_retrieval_project\data\masks\video_130_frame000578.jpg,578
390,video_131,c:\Crawl\video_retrieval_project\data\masks\video_131_frame000106.jpg,106
391,video_131,c:\Crawl\video_retrieval_project\data\masks\video_131_frame000212.jpg,212
392,video_131,c:\Crawl\video_retrieval_project\data\masks\video_131_frame000318.jpg,318
393,video_132,c:\Crawl\video_retrieval_project\data\masks\video_132_frame000112.jpg,112
394,video_132,c:\Crawl\video_retrieval_project\data\masks\video_132_frame000224.jpg,224
395,video_132,c:\Crawl\video_retrieval_project\data\masks\video_132_frame000336.jpg,336
396,video_133,c:\Crawl\video_retrieval_project\data\masks\video_133_frame000134.jpg,134
397,video_133,c:\Crawl\video_retrieval_project\data\masks\video_133_frame000268.jpg,268
398,video_133,c:\Crawl\video_retrieval_project\data\masks\video_133_frame000402.jpg,402
399,video_134,c:\Crawl\video_retrieval_project\data\masks\video_134_frame000345.jpg,345
400,video_134,c:\Crawl\video_retrieval_project\data\masks\video_134_frame000690.jpg,690
401,video_134,c:\Crawl\video_retrieval_project\data\masks\video_134_frame001035.jpg,1035
402,video_135,c:\Crawl\video_retrieval_project\data\masks\video_135_frame000206.jpg,206
403,video_135,c:\Crawl\video_retrieval_project\data\masks\video_135_frame000412.jpg,412
404,video_135,c:\Crawl\video_retrieval_project\data\masks\video_135_frame000618.jpg,618
405,video_136,c:\Crawl\video_retrieval_project\data\masks\video_136_frame000270.jpg,270
406,video_136,c:\Crawl\video_retrieval_project\data\masks\video_136_frame000540.jpg,540
407,video_136,c:\Crawl\video_retrieval_project\data\masks\video_136_frame000810.jpg,810
408,video_137,c:\Crawl\video_retrieval_project\data\masks\video_137_frame000165.jpg,165
409,video_137,c:\Crawl\video_retrieval_project\data\masks\video_137_frame000330.jpg,330
410,video_137,c:\Crawl\video_retrieval_project\data\masks\video_137_frame000495.jpg,495
411,video_138,c:\Crawl\video_retrieval_project\data\masks\video_138_frame000266.jpg,266
412,video_138,c:\Crawl\video_retrieval_project\data\masks\video_138_frame000532.jpg,532
413,video_138,c:\Crawl\video_retrieval_project\data\masks\video_138_frame000798.jpg,798
414,video_139,c:\Crawl\video_retrieval_project\data\masks\video_139_frame000173.jpg,173
415,video_139,c:\Crawl\video_retrieval_project\data\masks\video_139_frame000346.jpg,346
416,video_139,c:\Crawl\video_retrieval_project\data\masks\video_139_frame000519.jpg,519
417,video_140,c:\Crawl\video_retrieval_project\data\masks\video_140_frame000225.jpg,225
418,video_140,c:\Crawl\video_retrieval_project\data\masks\video_140_frame000450.jpg,450
419,video_140,c:\Crawl\video_retrieval_project\data\masks\video_140_frame000675.jpg,675
420,video_141,c:\Crawl\video_retrieval_project\data\masks\video_141_frame000083.jpg,83
421,video_141,c:\Crawl\video_retrieval_project\data\masks\video_141_frame000166.jpg,166
422,video_141,c:\Crawl\video_retrieval_project\data\masks\video_141_frame000249.jpg,249
423,video_142,c:\Crawl\video_retrieval_project\data\masks\video_142_frame000175.jpg,175
424,video_142,c:\Crawl\video_retrieval_project\data\masks\video_142_frame000350.jpg,350
425,video_142,c:\Crawl\video_retrieval_project\data\masks\video_142_frame000525.jpg,525
426,video_143,c:\Crawl\video_retrieval_project\data\masks\video_143_frame000360.jpg,360
427,video_143,c:\Crawl\video_retrieval_project\data\masks\video_143_frame000720.jpg,720
428,video_143,c:\Crawl\video_retrieval_project\data\masks\video_143_frame001080.jpg,1080
429,video_144,c:\Crawl\video_retrieval_project\data\masks\video_144_frame000069.jpg,69
430,video_144,c:\Crawl\video_retrieval_project\data\masks\video_144_frame000138.jpg,138
431,video_144,c:\Crawl\video_retrieval_project\data\masks\video_144_frame000207.jpg,207
432,video_145,c:\Crawl\video_retrieval_project\data\masks\video_145_frame000131.jpg,131
433,video_145,c:\Crawl\video_retrieval_project\data\masks\video_145_frame000262.jpg,262
434,video_145,c:\Crawl\video_retrieval_project\data\masks\video_145_frame000393.jpg,393
435,video_146,c:\Crawl\video_retrieval_project\data\masks\video_146_frame000173.jpg,173
436,video_146,c:\Crawl\video_retrieval_project\data\masks\video_146_frame000346.jpg,346
437,video_146,c:\Crawl\video_retrieval_project\data\masks\video_146_frame000519.jpg,519
438,video_147,c:\Crawl\video_retrieval_project\data\masks\video_147_frame000229.jpg,229
439,video_147,c:\Crawl\video_retrieval_project\data\masks\video_147_frame000458.jpg,458
440,video_147,c:\Crawl\video_retrieval_project\data\masks\video_147_frame000687.jpg,687
441,video_148,c:\Crawl\video_retrieval_project\data\masks\video_148_frame000191.jpg,191
442,video_148,c:\Crawl\video_retrieval_project\data\masks\video_148_frame000382.jpg,382
443,video_148,c:\Crawl\video_retrieval_project\data\masks\video_148_frame000573.jpg,573
444,video_149,c:\Crawl\video_retrieval_project\data\masks\video_149_frame000252.jpg,252
445,video_149,c:\Crawl\video_retrieval_project\data\masks\video_149_frame000504.jpg,504
446,video_149,c:\Crawl\video_retrieval_project\data\masks\video_149_frame000756.jpg,756
447,video_150,c:\Crawl\video_retrieval_project\data\masks\video_150_frame000152.jpg,152
448,video_150,c:\Crawl\video_retrieval_project\data\masks\video_150_frame000304.jpg,304
449,video_150,c:\Crawl\video_retrieval_project\data\masks\video_150_frame000456.jpg,456
450,video_151,c:\Crawl\video_retrieval_project\data\masks\video_151_frame000144.jpg,144
451,video_151,c:\Crawl\video_retrieval_project\data\masks\video_151_frame000288.jpg,288
452,video_151,c:\Crawl\video_retrieval_project\data\masks\video_151_frame000432.jpg,432
453,video_152,c:\Crawl\video_retrieval_project\data\masks\video_152_frame000316.jpg,316
454,video_152,c:\Crawl\video_retrieval_project\data\masks\video_152_frame000632.jpg,632
455,video_152,c:\Crawl\video_retrieval_project\data\masks\video_152_frame000948.jpg,948
456,video_153,c:\Crawl\video_retrieval_project\data\masks\video_153_frame000083.jpg,83
457,video_153,c:\Crawl\video_retrieval_project\data\masks\video_153_frame000166.jpg,166
458,video_153,c:\Crawl\video_retrieval_project\data\masks\video_153_frame000249.jpg,249
459,video_154,c:\Crawl\video_retrieval_project\data\masks\video_154_frame000168.jpg,168
460,video_154,c:\Crawl\video_retrieval_project\data\masks\video_154_frame000336.jpg,336
461,video_154,c:\Crawl\video_retrieval_project\data\masks\video_154_frame000504.jpg,504
462,video_155,c:\Crawl\video_retrieval_project\data\masks\video_155_frame000302.jpg,302
463,video_155,c:\Crawl\video_retrieval_project\data\masks\video_155_frame000604.jpg,604
464,video_155,c:\Crawl\video_retrieval_project\data\masks\video_155_frame000906.jpg,906
465,video_156,c:\Crawl\video_retrieval_project\data\masks\video_156_frame000178.jpg,178
466,video_156,c:\Crawl\video_retrieval_project\data\masks\video_156_frame000356.jpg,356
467,video_156,c:\Crawl\video_retrieval_project\data\masks\video_156_frame000534.jpg,534
468,video_157,c:\Crawl\video_retrieval_project\data\masks\video_157_frame000350.jpg,350
469,video_157,c:\Crawl\video_retrieval_project\data\masks\video_157_frame000700.jpg,700
470,video_157,c:\Crawl\video_retrieval_project\data\masks\video_157_frame001050.jpg,1050
471,video_158,c:\Crawl\video_retrieval_project\data\masks\video_158_frame000039.jpg,39
472,video_158,c:\Crawl\video_retrieval_project\data\masks\video_158_frame000078.jpg,78
473,video_158,c:\Crawl\video_retrieval_project\data\masks\video_158_frame000117.jpg,117
474,video_158,c:\Crawl\video_retrieval_project\data\masks\video_158_frame000196.jpg,196
475,video_158,c:\Crawl\video_retrieval_project\data\masks\video_158_frame000235.jpg,235
476,video_158,c:\Crawl\video_retrieval_project\data\masks\video_158_frame000274.jpg,274
477,video_158,c:\Crawl\video_retrieval_project\data\masks\video_158_frame000353.jpg,353
478,video_158,c:\Crawl\video_retrieval_project\data\masks\video_158_frame000392.jpg,392
479,video_158,c:\Crawl\video_retrieval_project\data\masks\video_158_frame000431.jpg,431
480,video_158,c:\Crawl\video_retrieval_project\data\masks\video_158_frame000510.jpg,510
481,video_158,c:\Crawl\video_retrieval_project\data\masks\video_158_frame000549.jpg,549
482,video_158,c:\Crawl\video_retrieval_project\data\masks\video_158_frame000588.jpg,588
483,video_159,c:\Crawl\video_retrieval_project\data\masks\video_159_frame000083.jpg,83
484,video_159,c:\Crawl\video_retrieval_project\data\masks\video_159_frame000166.jpg,166
485,video_159,c:\Crawl\video_retrieval_project\data\masks\video_159_frame000249.jpg,249
486,video_160,c:\Crawl\video_retrieval_project\data\masks\video_160_frame000670.jpg,670
487,video_160,c:\Crawl\video_retrieval_project\data\masks\video_160_frame001340.jpg,1340
488,video_160,c:\Crawl\video_retrieval_project\data\masks\video_160_frame002010.jpg,2010
489,video_161,c:\Crawl\video_retrieval_project\data\masks\video_161_frame000210.jpg,210
490,video_161,c:\Crawl\video_retrieval_project\data\masks\video_161_frame000420.jpg,420
491,video_161,c:\Crawl\video_retrieval_project\data\masks\video_161_frame000630.jpg,630
492,video_162,c:\Crawl\video_retrieval_project\data\masks\video_162_frame000259.jpg,259
493,video_162,c:\Crawl\video_retrieval_project\data\masks\video_162_frame000518.jpg,518
494,video_162,c:\Crawl\video_retrieval_project\data\masks\video_162_frame000777.jpg,777
495,video_163,c:\Crawl\video_retrieval_project\data\masks\video_163_frame000105.jpg,105
496,video_163,c:\Crawl\video_retrieval_project\data\masks\video_163_frame000210.jpg,210
497,video_163,c:\Crawl\video_retrieval_project\data\masks\video_163_frame000315.jpg,315
498,video_164,c:\Crawl\video_retrieval_project\data\masks\video_164_frame000095.jpg,95
499,video_164,c:\Crawl\video_retrieval_project\data\masks\video_164_frame000190.jpg,190
500,video_164,c:\Crawl\video_retrieval_project\data\masks\video_164_frame000285.jpg,285
501,video_165,c:\Crawl\video_retrieval_project\data\masks\video_165_frame000057.jpg,57
502,video_165,c:\Crawl\video_retrieval_project\data\masks\video_165_frame000114.jpg,114
503,video_165,c:\Crawl\video_retrieval_project\data\masks\video_165_frame000171.jpg,171
504,video_166,c:\Crawl\video_retrieval_project\data\masks\video_166_frame000138.jpg,138
505,video_166,c:\Crawl\video_retrieval_project\data\masks\video_166_frame000276.jpg,276
506,video_166,c:\Crawl\video_retrieval_project\data\masks\video_166_frame000414.jpg,414
507,video_167,c:\Crawl\video_retrieval_project\data\masks\video_167_frame000150.jpg,150
508,video_167,c:\Crawl\video_retrieval_project\data\masks\video_167_frame000300.jpg,300
509,video_167,c:\Crawl\video_retrieval_project\data\masks\video_167_frame000450.jpg,450
510,video_168,c:\Crawl\video_retrieval_project\data\masks\video_168_frame000204.jpg,204
511,video_168,c:\Crawl\video_retrieval_project\data\masks\video_168_frame000408.jpg,408
512,video_168,c:\Crawl\video_retrieval_project\data\masks\video_168_frame000612.jpg,612
513,video_169,c:\Crawl\video_retrieval_project\data\masks\video_169_frame000198.jpg,198
514,video_169,c:\Crawl\video_retrieval_project\data\masks\video_169_frame000396.jpg,396
515,video_169,c:\Crawl\video_retrieval_project\data\masks\video_169_frame000594.jpg,594
516,video_170,c:\Crawl\video_retrieval_project\data\masks\video_170_frame000058.jpg,58
517,video_170,c:\Crawl\video_retrieval_project\data\masks\video_170_frame000116.jpg,116
518,video_170,c:\Crawl\video_retrieval_project\data\masks\video_170_frame000174.jpg,174
519,video_170,c:\Crawl\video_retrieval_project\data\masks\video_170_frame000277.jpg,277
520,video_170,c:\Crawl\video_retrieval_project\data\masks\video_170_frame000319.jpg,319
521,video_170,c:\Crawl\video_retrieval_project\data\masks\video_170_frame000361.jpg,361
522,video_171,c:\Crawl\video_retrieval_project\data\masks\video_171_frame000104.jpg,104
523,video_171,c:\Crawl\video_retrieval_project\data\masks\video_171_frame000208.jpg,208
524,video_171,c:\Crawl\video_retrieval_project\data\masks\video_171_frame000312.jpg,312
525,video_172,c:\Crawl\video_retrieval_project\data\masks\video_172_frame000013.jpg,13
526,video_172,c:\Crawl\video_retrieval_project\data\masks\video_172_frame000302.jpg,302
527,video_172,c:\Crawl\video_retrieval_project\data\masks\video_172_frame000578.jpg,578
528,video_172,c:\Crawl\video_retrieval_project\data\masks\video_172_frame000854.jpg,854
529,video_173,c:\Crawl\video_retrieval_project\data\masks\video_173_frame000113.jpg,113
530,video_173,c:\Crawl\video_retrieval_project\data\masks\video_173_frame000226.jpg,226
531,video_173,c:\Crawl\video_retrieval_project\data\masks\video_173_frame000339.jpg,339
532,video_174,c:\Crawl\video_retrieval_project\data\masks\video_174_frame000193.jpg,193
533,video_174,c:\Crawl\video_retrieval_project\data\masks\video_174_frame000386.jpg,386
534,video_174,c:\Crawl\video_retrieval_project\data\masks\video_174_frame000579.jpg,579
535,video_175,c:\Crawl\video_retrieval_project\data\masks\video_175_frame000080.jpg,80
536,video_175,c:\Crawl\video_retrieval_project\data\masks\video_175_frame000160.jpg,160
537,video_175,c:\Crawl\video_retrieval_project\data\masks\video_175_frame000240.jpg,240
538,video_176,c:\Crawl\video_retrieval_project\data\masks\video_176_frame000075.jpg,75
539,video_176,c:\Crawl\video_retrieval_project\data\masks\video_176_frame000150.jpg,150
540,video_176,c:\Crawl\video_retrieval_project\data\masks\video_176_frame000225.jpg,225
541,video_177,c:\Crawl\video_retrieval_project\data\masks\video_177_frame000098.jpg,98
542,video_177,c:\Crawl\video_retrieval_project\data\masks\video_177_frame000196.jpg,196
543,video_177,c:\Crawl\video_retrieval_project\data\masks\video_177_frame000294.jpg,294
544,video_178,c:\Crawl\video_retrieval_project\data\masks\video_178_frame000112.jpg,112
545,video_178,c:\Crawl\video_retrieval_project\data\masks\video_178_frame000224.jpg,224
546,video_178,c:\Crawl\video_retrieval_project\data\masks\video_178_frame000336.jpg,336
547,video_179,c:\Crawl\video_retrieval_project\data\masks\video_179_frame000135.jpg,135
548,video_179,c:\Crawl\video_retrieval_project\data\masks\video_179_frame000270.jpg,270
549,video_179,c:\Crawl\video_retrieval_project\data\masks\video_179_frame000405.jpg,405
550,video_180,c:\Crawl\video_retrieval_project\data\masks\video_180_frame000215.jpg,215
551,video_180,c:\Crawl\video_retrieval_project\data\masks\video_180_frame000430.jpg,430
552,video_180,c:\Crawl\video_retrieval_project\data\masks\video_180_frame000645.jpg,645
553,video_181,c:\Crawl\video_retrieval_project\data\masks\video_181_frame000120.jpg,120
554,video_181,c:\Crawl\video_retrieval_project\data\masks\video_181_frame000240.jpg,240
555,video_181,c:\Crawl\video_retrieval_project\data\masks\video_181_frame000360.jpg,360
556,video_182,c:\Crawl\video_retrieval_project\data\masks\video_182_frame000255.jpg,255
557,video_182,c:\Crawl\video_retrieval_project\data\masks\video_182_frame000510.jpg,510
558,video_182,c:\Crawl\video_retrieval_project\data\masks\video_182_frame000765.jpg,765
559,video_183,c:\Crawl\video_retrieval_project\data\masks\video_183_frame000180.jpg,180
560,video_183,c:\Crawl\video_retrieval_project\data\masks\video_183_frame000360.jpg,360
561,video_183,c:\Crawl\video_retrieval_project\data\masks\video_183_frame000540.jpg,540
562,video_184,c:\Crawl\video_retrieval_project\data\masks\video_184_frame000138.jpg,138
563,video_184,c:\Crawl\video_retrieval_project\data\masks\video_184_frame000276.jpg,276
564,video_184,c:\Crawl\video_retrieval_project\data\masks\video_184_frame000414.jpg,414
565,video_185,c:\Crawl\video_retrieval_project\data\masks\video_185_frame000120.jpg,120
566,video_185,c:\Crawl\video_retrieval_project\data\masks\video_185_frame000240.jpg,240
567,video_185,c:\Crawl\video_retrieval_project\data\masks\video_185_frame000360.jpg,360
568,video_186,c:\Crawl\video_retrieval_project\data\masks\video_186_frame000090.jpg,90
569,video_186,c:\Crawl\video_retrieval_project\data\masks\video_186_frame000180.jpg,180
570,video_186,c:\Crawl\video_retrieval_project\data\masks\video_186_frame000270.jpg,270
571,video_187,c:\Crawl\video_retrieval_project\data\masks\video_187_frame000126.jpg,126
572,video_187,c:\Crawl\video_retrieval_project\data\masks\video_187_frame000252.jpg,252
573,video_187,c:\Crawl\video_retrieval_project\data\masks\video_187_frame000378.jpg,378
574,video_188,c:\Crawl\video_retrieval_project\data\masks\video_188_frame000149.jpg,149
575,video_188,c:\Crawl\video_retrieval_project\data\masks\video_188_frame000298.jpg,298
576,video_188,c:\Crawl\video_retrieval_project\data\masks\video_188_frame000447.jpg,447
577,video_189,c:\Crawl\video_retrieval_project\data\masks\video_189_frame000086.jpg,86
578,video_189,c:\Crawl\video_retrieval_project\data\masks\video_189_frame000172.jpg,172
579,video_189,c:\Crawl\video_retrieval_project\data\masks\video_189_frame000258.jpg,258
580,video_190,c:\Crawl\video_retrieval_project\data\masks\video_190_frame000155.jpg,155
581,video_190,c:\Crawl\video_retrieval_project\data\masks\video_190_frame000310.jpg,310
582,video_190,c:\Crawl\video_retrieval_project\data\masks\video_190_frame000465.jpg,465
583,video_191,c:\Crawl\video_retrieval_project\data\masks\video_191_frame000116.jpg,116
584,video_191,c:\Crawl\video_retrieval_project\data\masks\video_191_frame000232.jpg,232
585,video_191,c:\Crawl\video_retrieval_project\data\masks\video_191_frame000348.jpg,348
586,video_192,c:\Crawl\video_retrieval_project\data\masks\video_192_frame000116.jpg,116
587,video_192,c:\Crawl\video_retrieval_project\data\masks\video_192_frame000232.jpg,232
588,video_192,c:\Crawl\video_retrieval_project\data\masks\video_192_frame000348.jpg,348
589,video_193,c:\Crawl\video_retrieval_project\data\masks\video_193_frame000058.jpg,58
590,video_193,c:\Crawl\video_retrieval_project\data\masks\video_193_frame000116.jpg,116
591,video_193,c:\Crawl\video_retrieval_project\data\masks\video_193_frame000174.jpg,174
592,video_194,c:\Crawl\video_retrieval_project\data\masks\video_194_frame000054.jpg,54
593,video_194,c:\Crawl\video_retrieval_project\data\masks\video_194_frame000108.jpg,108
594,video_194,c:\Crawl\video_retrieval_project\data\masks\video_194_frame000162.jpg,162
595,video_195,c:\Crawl\video_retrieval_project\data\masks\video_195_frame000150.jpg,150
596,video_195,c:\Crawl\video_retrieval_project\data\masks\video_195_frame000300.jpg,300
597,video_195,c:\Crawl\video_retrieval_project\data\masks\video_195_frame000450.jpg,450
598,video_196,c:\Crawl\video_retrieval_project\data\masks\video_196_frame000192.jpg,192
599,video_196,c:\Crawl\video_retrieval_project\data\masks\video_196_frame000384.jpg,384
600,video_196,c:\Crawl\video_retrieval_project\data\masks\video_196_frame000576.jpg,576
601,video_197,c:\Crawl\video_retrieval_project\data\masks\video_197_frame000076.jpg,76
602,video_197,c:\Crawl\video_retrieval_project\data\masks\video_197_frame000152.jpg,152
603,video_197,c:\Crawl\video_retrieval_project\data\masks\video_197_frame000228.jpg,228
604,video_198,c:\Crawl\video_retrieval_project\data\masks\video_198_frame000127.jpg,127
605,video_198,c:\Crawl\video_retrieval_project\data\masks\video_198_frame000254.jpg,254
606,video_198,c:\Crawl\video_retrieval_project\data\masks\video_198_frame000381.jpg,381
607,video_199,c:\Crawl\video_retrieval_project\data\masks\video_199_frame000088.jpg,88
608,video_199,c:\Crawl\video_retrieval_project\data\masks\video_199_frame000176.jpg,176
609,video_199,c:\Crawl\video_retrieval_project\data\masks\video_199_frame000264.jpg,264
610,video_200,c:\Crawl\video_retrieval_project\data\masks\video_200_frame000139.jpg,139
611,video_200,c:\Crawl\video_retrieval_project\data\masks\video_200_frame000278.jpg,278
612,video_200,c:\Crawl\video_retrieval_project\data\masks\video_200_frame000417.jpg,417
613,video_201,c:\Crawl\video_retrieval_project\data\masks\video_201_frame000091.jpg,91
614,video_201,c:\Crawl\video_retrieval_project\data\masks\video_201_frame000182.jpg,182
615,video_201,c:\Crawl\video_retrieval_project\data\masks\video_201_frame000273.jpg,273
616,video_202,c:\Crawl\video_retrieval_project\data\masks\video_202_frame000191.jpg,191
617,video_202,c:\Crawl\video_retrieval_project\data\masks\video_202_frame000382.jpg,382
618,video_202,c:\Crawl\video_retrieval_project\data\masks\video_202_frame000573.jpg,573
619,video_203,c:\Crawl\video_retrieval_project\data\masks\video_203_frame000095.jpg,95
620,video_203,c:\Crawl\video_retrieval_project\data\masks\video_203_frame000190.jpg,190
621,video_203,c:\Crawl\video_retrieval_project\data\masks\video_203_frame000285.jpg,285
622,video_204,c:\Crawl\video_retrieval_project\data\masks\video_204_frame000093.jpg,93
623,video_204,c:\Crawl\video_retrieval_project\data\masks\video_204_frame000186.jpg,186
624,video_204,c:\Crawl\video_retrieval_project\data\masks\video_204_frame000279.jpg,279
625,video_205,c:\Crawl\video_retrieval_project\data\masks\video_205_frame000169.jpg,169
626,video_205,c:\Crawl\video_retrieval_project\data\masks\video_205_frame000338.jpg,338
627,video_205,c:\Crawl\video_retrieval_project\data\masks\video_205_frame000507.jpg,507
628,video_206,c:\Crawl\video_retrieval_project\data\masks\video_206_frame000148.jpg,148
629,video_206,c:\Crawl\video_retrieval_project\data\masks\video_206_frame000296.jpg,296
630,video_206,c:\Crawl\video_retrieval_project\data\masks\video_206_frame000444.jpg,444
631,video_207,c:\Crawl\video_retrieval_project\data\masks\video_207_frame000099.jpg,99
632,video_207,c:\Crawl\video_retrieval_project\data\masks\video_207_frame000198.jpg,198
633,video_207,c:\Crawl\video_retrieval_project\data\masks\video_207_frame000297.jpg,297
634,video_208,c:\Crawl\video_retrieval_project\data\masks\video_208_frame000085.jpg,85
635,video_208,c:\Crawl\video_retrieval_project\data\masks\video_208_frame000170.jpg,170
636,video_208,c:\Crawl\video_retrieval_project\data\masks\video_208_frame000255.jpg,255
637,video_209,c:\Crawl\video_retrieval_project\data\masks\video_209_frame000121.jpg,121
638,video_209,c:\Crawl\video_retrieval_project\data\masks\video_209_frame000242.jpg,242
639,video_209,c:\Crawl\video_retrieval_project\data\masks\video_209_frame000363.jpg,363
640,video_210,c:\Crawl\video_retrieval_project\data\masks\video_210_frame000126.jpg,126
641,video_210,c:\Crawl\video_retrieval_project\data\masks\video_210_frame000252.jpg,252
642,video_210,c:\Crawl\video_retrieval_project\data\masks\video_210_frame000378.jpg,378
643,video_211,c:\Crawl\video_retrieval_project\data\masks\video_211_frame000074.jpg,74
644,video_211,c:\Crawl\video_retrieval_project\data\masks\video_211_frame000148.jpg,148
645,video_211,c:\Crawl\video_retrieval_project\data\masks\video_211_frame000222.jpg,222
646,video_211,c:\Crawl\video_retrieval_project\data\masks\video_211_frame000404.jpg,404
647,video_211,c:\Crawl\video_retrieval_project\data\masks\video_211_frame000509.jpg,509
648,video_211,c:\Crawl\video_retrieval_project\data\masks\video_211_frame000614.jpg,614
649,video_212,c:\Crawl\video_retrieval_project\data\masks\video_212_frame000194.jpg,194
650,video_212,c:\Crawl\video_retrieval_project\data\masks\video_212_frame000388.jpg,388
651,video_212,c:\Crawl\video_retrieval_project\data\masks\video_212_frame000582.jpg,582
652,video_213,c:\Crawl\video_retrieval_project\data\masks\video_213_frame000149.jpg,149
653,video_213,c:\Crawl\video_retrieval_project\data\masks\video_213_frame000298.jpg,298
654,video_213,c:\Crawl\video_retrieval_project\data\masks\video_213_frame000447.jpg,447
655,video_214,c:\Crawl\video_retrieval_project\data\masks\video_214_frame000119.jpg,119
656,video_214,c:\Crawl\video_retrieval_project\data\masks\video_214_frame000238.jpg,238
657,video_214,c:\Crawl\video_retrieval_project\data\masks\video_214_frame000357.jpg,357
658,video_215,c:\Crawl\video_retrieval_project\data\masks\video_215_frame000090.jpg,90
659,video_215,c:\Crawl\video_retrieval_project\data\masks\video_215_frame000180.jpg,180
660,video_215,c:\Crawl\video_retrieval_project\data\masks\video_215_frame000270.jpg,270
661,video_216,c:\Crawl\video_retrieval_project\data\masks\video_216_frame000139.jpg,139
662,video_216,c:\Crawl\video_retrieval_project\data\masks\video_216_frame000278.jpg,278
663,video_216,c:\Crawl\video_retrieval_project\data\masks\video_216_frame000417.jpg,417
664,video_217,c:\Crawl\video_retrieval_project\data\masks\video_217_frame000093.jpg,93
665,video_217,c:\Crawl\video_retrieval_project\data\masks\video_217_frame000186.jpg,186
666,video_217,c:\Crawl\video_retrieval_project\data\masks\video_217_frame000279.jpg,279
667,video_218,c:\Crawl\video_retrieval_project\data\masks\video_218_frame000075.jpg,75
668,video_218,c:\Crawl\video_retrieval_project\data\masks\video_218_frame000150.jpg,150
669,video_218,c:\Crawl\video_retrieval_project\data\masks\video_218_frame000225.jpg,225
670,video_219,c:\Crawl\video_retrieval_project\data\masks\video_219_frame000108.jpg,108
671,video_219,c:\Crawl\video_retrieval_project\data\masks\video_219_frame000216.jpg,216
672,video_219,c:\Crawl\video_retrieval_project\data\masks\video_219_frame000324.jpg,324
673,video_220,c:\Crawl\video_retrieval_project\data\masks\video_220_frame000086.jpg,86
674,video_220,c:\Crawl\video_retrieval_project\data\masks\video_220_frame000172.jpg,172
675,video_220,c:\Crawl\video_retrieval_project\data\masks\video_220_frame000258.jpg,258
676,video_221,c:\Crawl\video_retrieval_project\data\masks\video_221_frame000091.jpg,91
677,video_221,c:\Crawl\video_retrieval_project\data\masks\video_221_frame000182.jpg,182
678,video_221,c:\Crawl\video_retrieval_project\data\masks\video_221_frame000273.jpg,273
679,video_222,c:\Crawl\video_retrieval_project\data\masks\video_222_frame000063.jpg,63
680,video_222,c:\Crawl\video_retrieval_project\data\masks\video_222_frame000126.jpg,126
681,video_222,c:\Crawl\video_retrieval_project\data\masks\video_222_frame000189.jpg,189
682,video_223,c:\Crawl\video_retrieval_project\data\masks\video_223_frame000046.jpg,46
683,video_223,c:\Crawl\video_retrieval_project\data\masks\video_223_frame000092.jpg,92
684,video_223,c:\Crawl\video_retrieval_project\data\masks\video_223_frame000138.jpg,138
685,video_224,c:\Crawl\video_retrieval_project\data\masks\video_224_frame000051.jpg,51
686,video_224,c:\Crawl\video_retrieval_project\data\masks\video_224_frame000102.jpg,102
687,video_224,c:\Crawl\video_retrieval_project\data\masks\video_224_frame000153.jpg,153
688,video_225,c:\Crawl\video_retrieval_project\data\masks\video_225_frame000117.jpg,117
689,video_225,c:\Crawl\video_retrieval_project\data\masks\video_225_frame000234.jpg,234
690,video_225,c:\Crawl\video_retrieval_project\data\masks\video_225_frame000351.jpg,351
691,video_226,c:\Crawl\video_retrieval_project\data\masks\video_226_frame000028.jpg,28
692,video_226,c:\Crawl\video_retrieval_project\data\masks\video_226_frame000056.jpg,56
693,video_226,c:\Crawl\video_retrieval_project\data\masks\video_226_frame000110.jpg,110
694,video_226,c:\Crawl\video_retrieval_project\data\masks\video_226_frame000150.jpg,150
695,video_226,c:\Crawl\video_retrieval_project\data\masks\video_226_frame000191.jpg,191
696,video_226,c:\Crawl\video_retrieval_project\data\masks\video_226_frame000217.jpg,217
697,video_227,c:\Crawl\video_retrieval_project\data\masks\video_227_frame000758.jpg,758
698,video_227,c:\Crawl\video_retrieval_project\data\masks\video_227_frame001516.jpg,1516
699,video_227,c:\Crawl\video_retrieval_project\data\masks\video_227_frame002274.jpg,2274
700,video_228,c:\Crawl\video_retrieval_project\data\masks\video_228_frame000075.jpg,75
701,video_228,c:\Crawl\video_retrieval_project\data\masks\video_228_frame000150.jpg,150
702,video_228,c:\Crawl\video_retrieval_project\data\masks\video_228_frame000225.jpg,225
703,video_229,c:\Crawl\video_retrieval_project\data\masks\video_229_frame000697.jpg,697
704,video_229,c:\Crawl\video_retrieval_project\data\masks\video_229_frame001394.jpg,1394
705,video_229,c:\Crawl\video_retrieval_project\data\masks\video_229_frame002091.jpg,2091
706,video_230,c:\Crawl\video_retrieval_project\data\masks\video_230_frame000034.jpg,34
707,video_230,c:\Crawl\video_retrieval_project\data\masks\video_230_frame000068.jpg,68
708,video_230,c:\Crawl\video_retrieval_project\data\masks\video_230_frame000102.jpg,102
709,video_231,c:\Crawl\video_retrieval_project\data\masks\video_231_frame000086.jpg,86
710,video_231,c:\Crawl\video_retrieval_project\data\masks\video_231_frame000172.jpg,172
711,video_231,c:\Crawl\video_retrieval_project\data\masks\video_231_frame000258.jpg,258
712,video_232,c:\Crawl\video_retrieval_project\data\masks\video_232_frame000097.jpg,97
713,video_232,c:\Crawl\video_retrieval_project\data\masks\video_232_frame000194.jpg,194
714,video_232,c:\Crawl\video_retrieval_project\data\masks\video_232_frame000291.jpg,291
715,video_233,c:\Crawl\video_retrieval_project\data\masks\video_233_frame000079.jpg,79
716,video_233,c:\Crawl\video_retrieval_project\data\masks\video_233_frame000158.jpg,158
717,video_233,c:\Crawl\video_retrieval_project\data\masks\video_233_frame000237.jpg,237
718,video_234,c:\Crawl\video_retrieval_project\data\masks\video_234_frame000057.jpg,57
719,video_234,c:\Crawl\video_retrieval_project\data\masks\video_234_frame000114.jpg,114
720,video_234,c:\Crawl\video_retrieval_project\data\masks\video_234_frame000171.jpg,171
721,video_235,c:\Crawl\video_retrieval_project\data\masks\video_235_frame000194.jpg,194
722,video_235,c:\Crawl\video_retrieval_project\data\masks\video_235_frame000388.jpg,388
723,video_235,c:\Crawl\video_retrieval_project\data\masks\video_235_frame000582.jpg,582
724,video_236,c:\Crawl\video_retrieval_project\data\masks\video_236_frame000041.jpg,41
725,video_236,c:\Crawl\video_retrieval_project\data\masks\video_236_frame000082.jpg,82
726,video_236,c:\Crawl\video_retrieval_project\data\masks\video_236_frame000123.jpg,123
727,video_237,c:\Crawl\video_retrieval_project\data\masks\video_237_frame000057.jpg,57
728,video_237,c:\Crawl\video_retrieval_project\data\masks\video_237_frame000114.jpg,114
729,video_237,c:\Crawl\video_retrieval_project\data\masks\video_237_frame000171.jpg,171
730,video_238,c:\Crawl\video_retrieval_project\data\masks\video_238_frame000084.jpg,84
731,video_238,c:\Crawl\video_retrieval_project\data\masks\video_238_frame000168.jpg,168
732,video_238,c:\Crawl\video_retrieval_project\data\masks\video_238_frame000252.jpg,252
733,video_239,c:\Crawl\video_retrieval_project\data\masks\video_239_frame000150.jpg,150
734,video_239,c:\Crawl\video_retrieval_project\data\masks\video_239_frame000300.jpg,300
735,video_239,c:\Crawl\video_retrieval_project\data\masks\video_239_frame000450.jpg,450
736,video_240,c:\Crawl\video_retrieval_project\data\masks\video_240_frame000154.jpg,154
737,video_240,c:\Crawl\video_retrieval_project\data\masks\video_240_frame000308.jpg,308
738,video_240,c:\Crawl\video_retrieval_project\data\masks\video_240_frame000462.jpg,462
739,video_241,c:\Crawl\video_retrieval_project\data\masks\video_241_frame000103.jpg,103
740,video_241,c:\Crawl\video_retrieval_project\data\masks\video_241_frame000206.jpg,206
741,video_241,c:\Crawl\video_retrieval_project\data\masks\video_241_frame000309.jpg,309
742,video_242,c:\Crawl\video_retrieval_project\data\masks\video_242_frame000076.jpg,76
743,video_242,c:\Crawl\video_retrieval_project\data\masks\video_242_frame000152.jpg,152
744,video_242,c:\Crawl\video_retrieval_project\data\masks\video_242_frame000228.jpg,228
745,video_243,c:\Crawl\video_retrieval_project\data\masks\video_243_frame000031.jpg,31
746,video_243,c:\Crawl\video_retrieval_project\data\masks\video_243_frame000062.jpg,62
747,video_243,c:\Crawl\video_retrieval_project\data\masks\video_243_frame000093.jpg,93
748,video_244,c:\Crawl\video_retrieval_project\data\masks\video_244_frame000918.jpg,918
749,video_244,c:\Crawl\video_retrieval_project\data\masks\video_244_frame001836.jpg,1836
750,video_244,c:\Crawl\video_retrieval_project\data\masks\video_244_frame002754.jpg,2754
751,video_245,c:\Crawl\video_retrieval_project\data\masks\video_245_frame000090.jpg,90
752,video_245,c:\Crawl\video_retrieval_project\data\masks\video_245_frame000180.jpg,180
753,video_245,c:\Crawl\video_retrieval_project\data\masks\video_245_frame000270.jpg,270
754,video_246,c:\Crawl\video_retrieval_project\data\masks\video_246_frame000195.jpg,195
755,video_246,c:\Crawl\video_retrieval_project\data\masks\video_246_frame000376.jpg,376
756,video_246,c:\Crawl\video_retrieval_project\data\masks\video_246_frame000557.jpg,557
757,video_247,c:\Crawl\video_retrieval_project\data\masks\video_247_frame000047.jpg,47
758,video_247,c:\Crawl\video_retrieval_project\data\masks\video_247_frame000094.jpg,94
759,video_247,c:\Crawl\video_retrieval_project\data\masks\video_247_frame000141.jpg,141
760,video_248,c:\Crawl\video_retrieval_project\data\masks\video_248_frame000097.jpg,97
761,video_248,c:\Crawl\video_retrieval_project\data\masks\video_248_frame000194.jpg,194
762,video_248,c:\Crawl\video_retrieval_project\data\masks\video_248_frame000291.jpg,291
763,video_249,c:\Crawl\video_retrieval_project\data\masks\video_249_frame000218.jpg,218
764,video_249,c:\Crawl\video_retrieval_project\data\masks\video_249_frame000436.jpg,436
765,video_249,c:\Crawl\video_retrieval_project\data\masks\video_249_frame000654.jpg,654
766,video_250,c:\Crawl\video_retrieval_project\data\masks\video_250_frame000138.jpg,138
767,video_250,c:\Crawl\video_retrieval_project\data\masks\video_250_frame000276.jpg,276
768,video_250,c:\Crawl\video_retrieval_project\data\masks\video_250_frame000414.jpg,414
769,video_251,c:\Crawl\video_retrieval_project\data\masks\video_251_frame000523.jpg,523
770,video_251,c:\Crawl\video_retrieval_project\data\masks\video_251_frame001046.jpg,1046
771,video_251,c:\Crawl\video_retrieval_project\data\masks\video_251_frame001569.jpg,1569
772,video_252,c:\Crawl\video_retrieval_project\data\masks\video_252_frame000821.jpg,821
773,video_252,c:\Crawl\video_retrieval_project\data\masks\video_252_frame001642.jpg,1642
774,video_252,c:\Crawl\video_retrieval_project\data\masks\video_252_frame002463.jpg,2463
775,video_253,c:\Crawl\video_retrieval_project\data\masks\video_253_frame000092.jpg,92
776,video_253,c:\Crawl\video_retrieval_project\data\masks\video_253_frame000184.jpg,184
777,video_253,c:\Crawl\video_retrieval_project\data\masks\video_253_frame000276.jpg,276
778,video_254,c:\Crawl\video_retrieval_project\data\masks\video_254_frame000228.jpg,228
779,video_254,c:\Crawl\video_retrieval_project\data\masks\video_254_frame000456.jpg,456
780,video_254,c:\Crawl\video_retrieval_project\data\masks\video_254_frame000684.jpg,684
781,video_255,c:\Crawl\video_retrieval_project\data\masks\video_255_frame000101.jpg,101
782,video_255,c:\Crawl\video_retrieval_project\data\masks\video_255_frame000202.jpg,202
783,video_255,c:\Crawl\video_retrieval_project\data\masks\video_255_frame000303.jpg,303
784,video_256,c:\Crawl\video_retrieval_project\data\masks\video_256_frame000125.jpg,125
785,video_256,c:\Crawl\video_retrieval_project\data\masks\video_256_frame000250.jpg,250
786,video_256,c:\Crawl\video_retrieval_project\data\masks\video_256_frame000375.jpg,375
787,video_257,c:\Crawl\video_retrieval_project\data\masks\video_257_frame000452.jpg,452
788,video_257,c:\Crawl\video_retrieval_project\data\masks\video_257_frame000904.jpg,904
789,video_257,c:\Crawl\video_retrieval_project\data\masks\video_257_frame001356.jpg,1356
790,video_257,c:\Crawl\video_retrieval_project\data\masks\video_257_frame001867.jpg,1867
791,video_257,c:\Crawl\video_retrieval_project\data\masks\video_257_frame001925.jpg,1925
792,video_257,c:\Crawl\video_retrieval_project\data\masks\video_257_frame001983.jpg,1983
793,video_257,c:\Crawl\video_retrieval_project\data\masks\video_257_frame002064.jpg,2064
794,video_258,c:\Crawl\video_retrieval_project\data\masks\video_258_frame000099.jpg,99
795,video_258,c:\Crawl\video_retrieval_project\data\masks\video_258_frame000198.jpg,198
796,video_258,c:\Crawl\video_retrieval_project\data\masks\video_258_frame000297.jpg,297
797,video_259,c:\Crawl\video_retrieval_project\data\masks\video_259_frame000082.jpg,82
798,video_259,c:\Crawl\video_retrieval_project\data\masks\video_259_frame000164.jpg,164
799,video_259,c:\Crawl\video_retrieval_project\data\masks\video_259_frame000246.jpg,246
800,video_260,c:\Crawl\video_retrieval_project\data\masks\video_260_frame000327.jpg,327
801,video_260,c:\Crawl\video_retrieval_project\data\masks\video_260_frame000654.jpg,654
802,video_260,c:\Crawl\video_retrieval_project\data\masks\video_260_frame000981.jpg,981
803,video_261,c:\Crawl\video_retrieval_project\data\masks\video_261_frame000175.jpg,175
804,video_261,c:\Crawl\video_retrieval_project\data\masks\video_261_frame000350.jpg,350
805,video_261,c:\Crawl\video_retrieval_project\data\masks\video_261_frame000525.jpg,525
806,video_262,c:\Crawl\video_retrieval_project\data\masks\video_262_frame000197.jpg,197
807,video_262,c:\Crawl\video_retrieval_project\data\masks\video_262_frame000394.jpg,394
808,video_262,c:\Crawl\video_retrieval_project\data\masks\video_262_frame000591.jpg,591
809,video_263,c:\Crawl\video_retrieval_project\data\masks\video_263_frame000143.jpg,143
810,video_263,c:\Crawl\video_retrieval_project\data\masks\video_263_frame000286.jpg,286
811,video_263,c:\Crawl\video_retrieval_project\data\masks\video_263_frame000429.jpg,429
812,video_264,c:\Crawl\video_retrieval_project\data\masks\video_264_frame000070.jpg,70
813,video_264,c:\Crawl\video_retrieval_project\data\masks\video_264_frame000140.jpg,140
814,video_264,c:\Crawl\video_retrieval_project\data\masks\video_264_frame000210.jpg,210
815,video_265,c:\Crawl\video_retrieval_project\data\masks\video_265_frame000073.jpg,73
816,video_265,c:\Crawl\video_retrieval_project\data\masks\video_265_frame000146.jpg,146
817,video_265,c:\Crawl\video_retrieval_project\data\masks\video_265_frame000219.jpg,219
818,video_266,c:\Crawl\video_retrieval_project\data\masks\video_266_frame000090.jpg,90
819,video_266,c:\Crawl\video_retrieval_project\data\masks\video_266_frame000180.jpg,180
820,video_266,c:\Crawl\video_retrieval_project\data\masks\video_266_frame000270.jpg,270
821,video_267,c:\Crawl\video_retrieval_project\data\masks\video_267_frame000070.jpg,70
822,video_267,c:\Crawl\video_retrieval_project\data\masks\video_267_frame000140.jpg,140
823,video_267,c:\Crawl\video_retrieval_project\data\masks\video_267_frame000210.jpg,210
824,video_268,c:\Crawl\video_retrieval_project\data\masks\video_268_frame000028.jpg,28
825,video_268,c:\Crawl\video_retrieval_project\data\masks\video_268_frame000056.jpg,56
826,video_268,c:\Crawl\video_retrieval_project\data\masks\video_268_frame000084.jpg,84
827,video_269,c:\Crawl\video_retrieval_project\data\masks\video_269_frame000080.jpg,80
828,video_269,c:\Crawl\video_retrieval_project\data\masks\video_269_frame000160.jpg,160
829,video_269,c:\Crawl\video_retrieval_project\data\masks\video_269_frame000240.jpg,240
830,video_270,c:\Crawl\video_retrieval_project\data\masks\video_270_frame000070.jpg,70
831,video_270,c:\Crawl\video_retrieval_project\data\masks\video_270_frame000140.jpg,140
832,video_270,c:\Crawl\video_retrieval_project\data\masks\video_270_frame000210.jpg,210
833,video_271,c:\Crawl\video_retrieval_project\data\masks\video_271_frame000103.jpg,103
834,video_271,c:\Crawl\video_retrieval_project\data\masks\video_271_frame000206.jpg,206
835,video_271,c:\Crawl\video_retrieval_project\data\masks\video_271_frame000309.jpg,309
836,video_272,c:\Crawl\video_retrieval_project\data\masks\video_272_frame000074.jpg,74
837,video_272,c:\Crawl\video_retrieval_project\data\masks\video_272_frame000148.jpg,148
838,video_272,c:\Crawl\video_retrieval_project\data\masks\video_272_frame000222.jpg,222
839,video_273,c:\Crawl\video_retrieval_project\data\masks\video_273_frame000204.jpg,204
840,video_273,c:\Crawl\video_retrieval_project\data\masks\video_273_frame000408.jpg,408
841,video_273,c:\Crawl\video_retrieval_project\data\masks\video_273_frame000612.jpg,612
842,video_274,c:\Crawl\video_retrieval_project\data\masks\video_274_frame000155.jpg,155
843,video_274,c:\Crawl\video_retrieval_project\data\masks\video_274_frame000310.jpg,310
844,video_274,c:\Crawl\video_retrieval_project\data\masks\video_274_frame000465.jpg,465
845,video_275,c:\Crawl\video_retrieval_project\data\masks\video_275_frame000068.jpg,68
846,video_275,c:\Crawl\video_retrieval_project\data\masks\video_275_frame000136.jpg,136
847,video_275,c:\Crawl\video_retrieval_project\data\masks\video_275_frame000204.jpg,204
848,video_276,c:\Crawl\video_retrieval_project\data\masks\video_276_frame000125.jpg,125
849,video_276,c:\Crawl\video_retrieval_project\data\masks\video_276_frame000250.jpg,250
850,video_276,c:\Crawl\video_retrieval_project\data\masks\video_276_frame000375.jpg,375
851,video_277,c:\Crawl\video_retrieval_project\data\masks\video_277_frame000147.jpg,147
852,video_277,c:\Crawl\video_retrieval_project\data\masks\video_277_frame000294.jpg,294
853,video_277,c:\Crawl\video_retrieval_project\data\masks\video_277_frame000441.jpg,441
854,video_278,c:\Crawl\video_retrieval_project\data\masks\video_278_frame000070.jpg,70
855,video_278,c:\Crawl\video_retrieval_project\data\masks\video_278_frame000140.jpg,140
856,video_278,c:\Crawl\video_retrieval_project\data\masks\video_278_frame000210.jpg,210
857,video_279,c:\Crawl\video_retrieval_project\data\masks\video_279_frame000165.jpg,165
858,video_279,c:\Crawl\video_retrieval_project\data\masks\video_279_frame000330.jpg,330
859,video_279,c:\Crawl\video_retrieval_project\data\masks\video_279_frame000495.jpg,495
860,video_280,c:\Crawl\video_retrieval_project\data\masks\video_280_frame000264.jpg,264
861,video_280,c:\Crawl\video_retrieval_project\data\masks\video_280_frame000528.jpg,528
862,video_280,c:\Crawl\video_retrieval_project\data\masks\video_280_frame000792.jpg,792
863,video_281,c:\Crawl\video_retrieval_project\data\masks\video_281_frame000267.jpg,267
864,video_281,c:\Crawl\video_retrieval_project\data\masks\video_281_frame000534.jpg,534
865,video_281,c:\Crawl\video_retrieval_project\data\masks\video_281_frame000801.jpg,801
866,video_282,c:\Crawl\video_retrieval_project\data\masks\video_282_frame000097.jpg,97
867,video_282,c:\Crawl\video_retrieval_project\data\masks\video_282_frame000194.jpg,194
868,video_282,c:\Crawl\video_retrieval_project\data\masks\video_282_frame000291.jpg,291
869,video_283,c:\Crawl\video_retrieval_project\data\masks\video_283_frame000195.jpg,195
870,video_283,c:\Crawl\video_retrieval_project\data\masks\video_283_frame000376.jpg,376
871,video_283,c:\Crawl\video_retrieval_project\data\masks\video_283_frame000557.jpg,557
872,video_284,c:\Crawl\video_retrieval_project\data\masks\video_284_frame000239.jpg,239
873,video_284,c:\Crawl\video_retrieval_project\data\masks\video_284_frame000478.jpg,478
874,video_284,c:\Crawl\video_retrieval_project\data\masks\video_284_frame000717.jpg,717
875,video_285,c:\Crawl\video_retrieval_project\data\masks\video_285_frame000142.jpg,142
876,video_285,c:\Crawl\video_retrieval_project\data\masks\video_285_frame000284.jpg,284
877,video_285,c:\Crawl\video_retrieval_project\data\masks\video_285_frame000426.jpg,426
878,video_286,c:\Crawl\video_retrieval_project\data\masks\video_286_frame000074.jpg,74
879,video_286,c:\Crawl\video_retrieval_project\data\masks\video_286_frame000148.jpg,148
880,video_286,c:\Crawl\video_retrieval_project\data\masks\video_286_frame000222.jpg,222
881,video_287,c:\Crawl\video_retrieval_project\data\masks\video_287_frame000239.jpg,239
882,video_287,c:\Crawl\video_retrieval_project\data\masks\video_287_frame000478.jpg,478
883,video_287,c:\Crawl\video_retrieval_project\data\masks\video_287_frame000717.jpg,717
884,video_288,c:\Crawl\video_retrieval_project\data\masks\video_288_frame000133.jpg,133
885,video_288,c:\Crawl\video_retrieval_project\data\masks\video_288_frame000253.jpg,253
886,video_288,c:\Crawl\video_retrieval_project\data\masks\video_288_frame000373.jpg,373
887,video_289,c:\Crawl\video_retrieval_project\data\masks\video_289_frame000089.jpg,89
888,video_289,c:\Crawl\video_retrieval_project\data\masks\video_289_frame000178.jpg,178
889,video_289,c:\Crawl\video_retrieval_project\data\masks\video_289_frame000267.jpg,267
890,video_290,c:\Crawl\video_retrieval_project\data\masks\video_290_frame000188.jpg,188
891,video_290,c:\Crawl\video_retrieval_project\data\masks\video_290_frame000376.jpg,376
892,video_290,c:\Crawl\video_retrieval_project\data\masks\video_290_frame000564.jpg,564
893,video_291,c:\Crawl\video_retrieval_project\data\masks\video_291_frame000223.jpg,223
894,video_291,c:\Crawl\video_retrieval_project\data\masks\video_291_frame000446.jpg,446
895,video_291,c:\Crawl\video_retrieval_project\data\masks\video_291_frame000669.jpg,669
896,video_292,c:\Crawl\video_retrieval_project\data\masks\video_292_frame000118.jpg,118
897,video_292,c:\Crawl\video_retrieval_project\data\masks\video_292_frame000236.jpg,236
898,video_292,c:\Crawl\video_retrieval_project\data\masks\video_292_frame000354.jpg,354
899,video_293,c:\Crawl\video_retrieval_project\data\masks\video_293_frame000226.jpg,226
900,video_293,c:\Crawl\video_retrieval_project\data\masks\video_293_frame000452.jpg,452
901,video_293,c:\Crawl\video_retrieval_project\data\masks\video_293_frame000678.jpg,678
902,video_294,c:\Crawl\video_retrieval_project\data\masks\video_294_frame000167.jpg,167
903,video_294,c:\Crawl\video_retrieval_project\data\masks\video_294_frame000334.jpg,334
904,video_294,c:\Crawl\video_retrieval_project\data\masks\video_294_frame000501.jpg,501
905,video_295,c:\Crawl\video_retrieval_project\data\masks\video_295_frame000060.jpg,60
906,video_295,c:\Crawl\video_retrieval_project\data\masks\video_295_frame000112.jpg,112
907,video_295,c:\Crawl\video_retrieval_project\data\masks\video_295_frame000164.jpg,164
908,video_295,c:\Crawl\video_retrieval_project\data\masks\video_295_frame000273.jpg,273
909,video_295,c:\Crawl\video_retrieval_project\data\masks\video_295_frame000328.jpg,328
910,video_295,c:\Crawl\video_retrieval_project\data\masks\video_295_frame000383.jpg,383
911,video_295,c:\Crawl\video_retrieval_project\data\masks\video_295_frame000488.jpg,488
912,video_295,c:\Crawl\video_retrieval_project\data\masks\video_295_frame000536.jpg,536
913,video_295,c:\Crawl\video_retrieval_project\data\masks\video_295_frame000584.jpg,584
914,video_296,c:\Crawl\video_retrieval_project\data\masks\video_296_frame000086.jpg,86
915,video_296,c:\Crawl\video_retrieval_project\data\masks\video_296_frame000172.jpg,172
916,video_296,c:\Crawl\video_retrieval_project\data\masks\video_296_frame000258.jpg,258
917,video_297,c:\Crawl\video_retrieval_project\data\masks\video_297_frame000148.jpg,148
918,video_297,c:\Crawl\video_retrieval_project\data\masks\video_297_frame000296.jpg,296
919,video_297,c:\Crawl\video_retrieval_project\data\masks\video_297_frame000444.jpg,444
920,video_298,c:\Crawl\video_retrieval_project\data\masks\video_298_frame000086.jpg,86
921,video_298,c:\Crawl\video_retrieval_project\data\masks\video_298_frame000172.jpg,172
922,video_298,c:\Crawl\video_retrieval_project\data\masks\video_298_frame000258.jpg,258
923,video_299,c:\Crawl\video_retrieval_project\data\masks\video_299_frame000097.jpg,97
924,video_299,c:\Crawl\video_retrieval_project\data\masks\video_299_frame000194.jpg,194
925,video_299,c:\Crawl\video_retrieval_project\data\masks\video_299_frame000291.jpg,291
926,video_300,c:\Crawl\video_retrieval_project\data\masks\video_300_frame000162.jpg,162
927,video_300,c:\Crawl\video_retrieval_project\data\masks\video_300_frame000324.jpg,324
928,video_300,c:\Crawl\video_retrieval_project\data\masks\video_300_frame000486.jpg,486
929,video_301,c:\Crawl\video_retrieval_project\data\masks\video_301_frame000093.jpg,93
930,video_301,c:\Crawl\video_retrieval_project\data\masks\video_301_frame000186.jpg,186
931,video_301,c:\Crawl\video_retrieval_project\data\masks\video_301_frame000279.jpg,279
932,video_302,c:\Crawl\video_retrieval_project\data\masks\video_302_frame000154.jpg,154
933,video_302,c:\Crawl\video_retrieval_project\data\masks\video_302_frame000308.jpg,308
934,video_302,c:\Crawl\video_retrieval_project\data\masks\video_302_frame000462.jpg,462
935,video_303,c:\Crawl\video_retrieval_project\data\masks\video_303_frame000096.jpg,96
936,video_303,c:\Crawl\video_retrieval_project\data\masks\video_303_frame000192.jpg,192
937,video_303,c:\Crawl\video_retrieval_project\data\masks\video_303_frame000288.jpg,288
938,video_304,c:\Crawl\video_retrieval_project\data\masks\video_304_frame000193.jpg,193
939,video_304,c:\Crawl\video_retrieval_project\data\masks\video_304_frame000386.jpg,386
940,video_304,c:\Crawl\video_retrieval_project\data\masks\video_304_frame000579.jpg,579
941,video_305,c:\Crawl\video_retrieval_project\data\masks\video_305_frame000072.jpg,72
942,video_305,c:\Crawl\video_retrieval_project\data\masks\video_305_frame000144.jpg,144
943,video_305,c:\Crawl\video_retrieval_project\data\masks\video_305_frame000216.jpg,216
944,video_306,c:\Crawl\video_retrieval_project\data\masks\video_306_frame000159.jpg,159
945,video_306,c:\Crawl\video_retrieval_project\data\masks\video_306_frame000318.jpg,318
946,video_306,c:\Crawl\video_retrieval_project\data\masks\video_306_frame000477.jpg,477
947,video_307,c:\Crawl\video_retrieval_project\data\masks\video_307_frame000142.jpg,142
948,video_307,c:\Crawl\video_retrieval_project\data\masks\video_307_frame000284.jpg,284
949,video_307,c:\Crawl\video_retrieval_project\data\masks\video_307_frame000426.jpg,426
950,video_308,c:\Crawl\video_retrieval_project\data\masks\video_308_frame000112.jpg,112
951,video_308,c:\Crawl\video_retrieval_project\data\masks\video_308_frame000224.jpg,224
952,video_308,c:\Crawl\video_retrieval_project\data\masks\video_308_frame000336.jpg,336
953,video_309,c:\Crawl\video_retrieval_project\data\masks\video_309_frame000172.jpg,172
954,video_309,c:\Crawl\video_retrieval_project\data\masks\video_309_frame000344.jpg,344
955,video_309,c:\Crawl\video_retrieval_project\data\masks\video_309_frame000516.jpg,516
956,video_310,c:\Crawl\video_retrieval_project\data\masks\video_310_frame000725.jpg,725
957,video_310,c:\Crawl\video_retrieval_project\data\masks\video_310_frame001450.jpg,1450
958,video_310,c:\Crawl\video_retrieval_project\data\masks\video_310_frame002175.jpg,2175
959,video_311,c:\Crawl\video_retrieval_project\data\masks\video_311_frame000129.jpg,129
960,video_311,c:\Crawl\video_retrieval_project\data\masks\video_311_frame000258.jpg,258
961,video_311,c:\Crawl\video_retrieval_project\data\masks\video_311_frame000387.jpg,387
962,video_312,c:\Crawl\video_retrieval_project\data\masks\video_312_frame000225.jpg,225
963,video_312,c:\Crawl\video_retrieval_project\data\masks\video_312_frame000450.jpg,450
964,video_312,c:\Crawl\video_retrieval_project\data\masks\video_312_frame000675.jpg,675
965,video_313,c:\Crawl\video_retrieval_project\data\masks\video_313_frame000125.jpg,125
966,video_313,c:\Crawl\video_retrieval_project\data\masks\video_313_frame000250.jpg,250
967,video_313,c:\Crawl\video_retrieval_project\data\masks\video_313_frame000375.jpg,375
968,video_314,c:\Crawl\video_retrieval_project\data\masks\video_314_frame000189.jpg,189
969,video_314,c:\Crawl\video_retrieval_project\data\masks\video_314_frame000378.jpg,378
970,video_314,c:\Crawl\video_retrieval_project\data\masks\video_314_frame000567.jpg,567
971,video_315,c:\Crawl\video_retrieval_project\data\masks\video_315_frame000093.jpg,93
972,video_315,c:\Crawl\video_retrieval_project\data\masks\video_315_frame000186.jpg,186
973,video_315,c:\Crawl\video_retrieval_project\data\masks\video_315_frame000279.jpg,279
974,video_316,c:\Crawl\video_retrieval_project\data\masks\video_316_frame000249.jpg,249
975,video_316,c:\Crawl\video_retrieval_project\data\masks\video_316_frame000498.jpg,498
976,video_316,c:\Crawl\video_retrieval_project\data\masks\video_316_frame000747.jpg,747
977,video_317,c:\Crawl\video_retrieval_project\data\masks\video_317_frame000390.jpg,390
978,video_317,c:\Crawl\video_retrieval_project\data\masks\video_317_frame000780.jpg,780
979,video_317,c:\Crawl\video_retrieval_project\data\masks\video_317_frame001170.jpg,1170
980,video_318,c:\Crawl\video_retrieval_project\data\masks\video_318_frame000483.jpg,483
981,video_318,c:\Crawl\video_retrieval_project\data\masks\video_318_frame000966.jpg,966
982,video_318,c:\Crawl\video_retrieval_project\data\masks\video_318_frame001449.jpg,1449
983,video_319,c:\Crawl\video_retrieval_project\data\masks\video_319_frame000127.jpg,127
984,video_319,c:\Crawl\video_retrieval_project\data\masks\video_319_frame000254.jpg,254
985,video_319,c:\Crawl\video_retrieval_project\data\masks\video_319_frame000381.jpg,381
986,video_320,c:\Crawl\video_retrieval_project\data\masks\video_320_frame000151.jpg,151
987,video_320,c:\Crawl\video_retrieval_project\data\masks\video_320_frame000302.jpg,302
988,video_320,c:\Crawl\video_retrieval_project\data\masks\video_320_frame000453.jpg,453
989,video_321,c:\Crawl\video_retrieval_project\data\masks\video_321_frame000353.jpg,353
990,video_321,c:\Crawl\video_retrieval_project\data\masks\video_321_frame000706.jpg,706
991,video_321,c:\Crawl\video_retrieval_project\data\masks\video_321_frame001059.jpg,1059
992,video_322,c:\Crawl\video_retrieval_project\data\masks\video_322_frame000274.jpg,274
993,video_322,c:\Crawl\video_retrieval_project\data\masks\video_322_frame000548.jpg,548
994,video_322,c:\Crawl\video_retrieval_project\data\masks\video_322_frame000822.jpg,822
995,video_323,c:\Crawl\video_retrieval_project\data\masks\video_323_frame000317.jpg,317
996,video_323,c:\Crawl\video_retrieval_project\data\masks\video_323_frame000634.jpg,634
997,video_323,c:\Crawl\video_retrieval_project\data\masks\video_323_frame000951.jpg,951
998,video_324,c:\Crawl\video_retrieval_project\data\masks\video_324_frame000077.jpg,77
999,video_324,c:\Crawl\video_retrieval_project\data\masks\video_324_frame000154.jpg,154
1000,video_324,c:\Crawl\video_retrieval_project\data\masks\video_324_frame000231.jpg,231
1001,video_325,c:\Crawl\video_retrieval_project\data\masks\video_325_frame000182.jpg,182
1002,video_325,c:\Crawl\video_retrieval_project\data\masks\video_325_frame000364.jpg,364
1003,video_325,c:\Crawl\video_retrieval_project\data\masks\video_325_frame000546.jpg,546
1004,video_326,c:\Crawl\video_retrieval_project\data\masks\video_326_frame000108.jpg,108
1005,video_326,c:\Crawl\video_retrieval_project\data\masks\video_326_frame000216.jpg,216
1006,video_326,c:\Crawl\video_retrieval_project\data\masks\video_326_frame000324.jpg,324
1007,video_327,c:\Crawl\video_retrieval_project\data\masks\video_327_frame000096.jpg,96
1008,video_327,c:\Crawl\video_retrieval_project\data\masks\video_327_frame000192.jpg,192
1009,video_327,c:\Crawl\video_retrieval_project\data\masks\video_327_frame000288.jpg,288
1010,video_328,c:\Crawl\video_retrieval_project\data\masks\video_328_frame000280.jpg,280
1011,video_328,c:\Crawl\video_retrieval_project\data\masks\video_328_frame000560.jpg,560
1012,video_328,c:\Crawl\video_retrieval_project\data\masks\video_328_frame000840.jpg,840
1013,video_329,c:\Crawl\video_retrieval_project\data\masks\video_329_frame000168.jpg,168
1014,video_329,c:\Crawl\video_retrieval_project\data\masks\video_329_frame000336.jpg,336
1015,video_329,c:\Crawl\video_retrieval_project\data\masks\video_329_frame000504.jpg,504
1016,video_330,c:\Crawl\video_retrieval_project\data\masks\video_330_frame000078.jpg,78
1017,video_330,c:\Crawl\video_retrieval_project\data\masks\video_330_frame000156.jpg,156
1018,video_330,c:\Crawl\video_retrieval_project\data\masks\video_330_frame000234.jpg,234
1019,video_331,c:\Crawl\video_retrieval_project\data\masks\video_331_frame000225.jpg,225
1020,video_331,c:\Crawl\video_retrieval_project\data\masks\video_331_frame000450.jpg,450
1021,video_331,c:\Crawl\video_retrieval_project\data\masks\video_331_frame000675.jpg,675
1022,video_332,c:\Crawl\video_retrieval_project\data\masks\video_332_frame000057.jpg,57
1023,video_332,c:\Crawl\video_retrieval_project\data\masks\video_332_frame000114.jpg,114
1024,video_332,c:\Crawl\video_retrieval_project\data\masks\video_332_frame000171.jpg,171
1025,video_333,c:\Crawl\video_retrieval_project\data\masks\video_333_frame000182.jpg,182
1026,video_333,c:\Crawl\video_retrieval_project\data\masks\video_333_frame000364.jpg,364
1027,video_333,c:\Crawl\video_retrieval_project\data\masks\video_333_frame000546.jpg,546
1028,video_334,c:\Crawl\video_retrieval_project\data\masks\video_334_frame000147.jpg,147
1029,video_334,c:\Crawl\video_retrieval_project\data\masks\video_334_frame000294.jpg,294
1030,video_334,c:\Crawl\video_retrieval_project\data\masks\video_334_frame000441.jpg,441
1031,video_335,c:\Crawl\video_retrieval_project\data\masks\video_335_frame000092.jpg,92
1032,video_335,c:\Crawl\video_retrieval_project\data\masks\video_335_frame000184.jpg,184
1033,video_335,c:\Crawl\video_retrieval_project\data\masks\video_335_frame000276.jpg,276
1034,video_336,c:\Crawl\video_retrieval_project\data\masks\video_336_frame000105.jpg,105
1035,video_336,c:\Crawl\video_retrieval_project\data\masks\video_336_frame000210.jpg,210
1036,video_336,c:\Crawl\video_retrieval_project\data\masks\video_336_frame000315.jpg,315
1037,video_337,c:\Crawl\video_retrieval_project\data\masks\video_337_frame000141.jpg,141
1038,video_337,c:\Crawl\video_retrieval_project\data\masks\video_337_frame000282.jpg,282
1039,video_337,c:\Crawl\video_retrieval_project\data\masks\video_337_frame000423.jpg,423
1040,video_338,c:\Crawl\video_retrieval_project\data\masks\video_338_frame000192.jpg,192
1041,video_338,c:\Crawl\video_retrieval_project\data\masks\video_338_frame000384.jpg,384
1042,video_338,c:\Crawl\video_retrieval_project\data\masks\video_338_frame000576.jpg,576
1043,video_339,c:\Crawl\video_retrieval_project\data\masks\video_339_frame000124.jpg,124
1044,video_339,c:\Crawl\video_retrieval_project\data\masks\video_339_frame000248.jpg,248
1045,video_339,c:\Crawl\video_retrieval_project\data\masks\video_339_frame000372.jpg,372
1046,video_340,c:\Crawl\video_retrieval_project\data\masks\video_340_frame000072.jpg,72
1047,video_340,c:\Crawl\video_retrieval_project\data\masks\video_340_frame000144.jpg,144
1048,video_340,c:\Crawl\video_retrieval_project\data\masks\video_340_frame000216.jpg,216
1049,video_341,c:\Crawl\video_retrieval_project\data\masks\video_341_frame000177.jpg,177
1050,video_341,c:\Crawl\video_retrieval_project\data\masks\video_341_frame000354.jpg,354
1051,video_341,c:\Crawl\video_retrieval_project\data\masks\video_341_frame000531.jpg,531
1052,video_342,c:\Crawl\video_retrieval_project\data\masks\video_342_frame000093.jpg,93
1053,video_342,c:\Crawl\video_retrieval_project\data\masks\video_342_frame000186.jpg,186
1054,video_342,c:\Crawl\video_retrieval_project\data\masks\video_342_frame000279.jpg,279
1055,video_343,c:\Crawl\video_retrieval_project\data\masks\video_343_frame000256.jpg,256
1056,video_343,c:\Crawl\video_retrieval_project\data\masks\video_343_frame000512.jpg,512
1057,video_343,c:\Crawl\video_retrieval_project\data\masks\video_343_frame000768.jpg,768
1058,video_344,c:\Crawl\video_retrieval_project\data\masks\video_344_frame000120.jpg,120
1059,video_344,c:\Crawl\video_retrieval_project\data\masks\video_344_frame000240.jpg,240
1060,video_344,c:\Crawl\video_retrieval_project\data\masks\video_344_frame000360.jpg,360
1061,video_345,c:\Crawl\video_retrieval_project\data\masks\video_345_frame000090.jpg,90
1062,video_345,c:\Crawl\video_retrieval_project\data\masks\video_345_frame000180.jpg,180
1063,video_345,c:\Crawl\video_retrieval_project\data\masks\video_345_frame000270.jpg,270
1064,video_346,c:\Crawl\video_retrieval_project\data\masks\video_346_frame000093.jpg,93
1065,video_346,c:\Crawl\video_retrieval_project\data\masks\video_346_frame000186.jpg,186
1066,video_346,c:\Crawl\video_retrieval_project\data\masks\video_346_frame000279.jpg,279
1067,video_347,c:\Crawl\video_retrieval_project\data\masks\video_347_frame000150.jpg,150
1068,video_347,c:\Crawl\video_retrieval_project\data\masks\video_347_frame000300.jpg,300
1069,video_347,c:\Crawl\video_retrieval_project\data\masks\video_347_frame000450.jpg,450
1070,video_348,c:\Crawl\video_retrieval_project\data\masks\video_348_frame000214.jpg,214
1071,video_348,c:\Crawl\video_retrieval_project\data\masks\video_348_frame000428.jpg,428
1072,video_348,c:\Crawl\video_retrieval_project\data\masks\video_348_frame000642.jpg,642
1073,video_349,c:\Crawl\video_retrieval_project\data\masks\video_349_frame000110.jpg,110
1074,video_349,c:\Crawl\video_retrieval_project\data\masks\video_349_frame000220.jpg,220
1075,video_349,c:\Crawl\video_retrieval_project\data\masks\video_349_frame000330.jpg,330
1076,video_350,c:\Crawl\video_retrieval_project\data\masks\video_350_frame000122.jpg,122
1077,video_350,c:\Crawl\video_retrieval_project\data\masks\video_350_frame000244.jpg,244
1078,video_350,c:\Crawl\video_retrieval_project\data\masks\video_350_frame000366.jpg,366
1079,video_351,c:\Crawl\video_retrieval_project\data\masks\video_351_frame000166.jpg,166
1080,video_351,c:\Crawl\video_retrieval_project\data\masks\video_351_frame000332.jpg,332
1081,video_351,c:\Crawl\video_retrieval_project\data\masks\video_351_frame000498.jpg,498
1082,video_352,c:\Crawl\video_retrieval_project\data\masks\video_352_frame000369.jpg,369
1083,video_352,c:\Crawl\video_retrieval_project\data\masks\video_352_frame000738.jpg,738
1084,video_352,c:\Crawl\video_retrieval_project\data\masks\video_352_frame001107.jpg,1107
1085,video_353,c:\Crawl\video_retrieval_project\data\masks\video_353_frame000095.jpg,95
1086,video_353,c:\Crawl\video_retrieval_project\data\masks\video_353_frame000190.jpg,190
1087,video_353,c:\Crawl\video_retrieval_project\data\masks\video_353_frame000285.jpg,285
1088,video_354,c:\Crawl\video_retrieval_project\data\masks\video_354_frame000370.jpg,370
1089,video_354,c:\Crawl\video_retrieval_project\data\masks\video_354_frame000740.jpg,740
1090,video_354,c:\Crawl\video_retrieval_project\data\masks\video_354_frame001110.jpg,1110
1091,video_355,c:\Crawl\video_retrieval_project\data\masks\video_355_frame000137.jpg,137
1092,video_355,c:\Crawl\video_retrieval_project\data\masks\video_355_frame000274.jpg,274
1093,video_355,c:\Crawl\video_retrieval_project\data\masks\video_355_frame000411.jpg,411
1094,video_356,c:\Crawl\video_retrieval_project\data\masks\video_356_frame000167.jpg,167
1095,video_356,c:\Crawl\video_retrieval_project\data\masks\video_356_frame000334.jpg,334
1096,video_356,c:\Crawl\video_retrieval_project\data\masks\video_356_frame000501.jpg,501
1097,video_357,c:\Crawl\video_retrieval_project\data\masks\video_357_frame000147.jpg,147
1098,video_357,c:\Crawl\video_retrieval_project\data\masks\video_357_frame000294.jpg,294
1099,video_357,c:\Crawl\video_retrieval_project\data\masks\video_357_frame000441.jpg,441
1100,video_358,c:\Crawl\video_retrieval_project\data\masks\video_358_frame000225.jpg,225
1101,video_358,c:\Crawl\video_retrieval_project\data\masks\video_358_frame000450.jpg,450
1102,video_358,c:\Crawl\video_retrieval_project\data\masks\video_358_frame000675.jpg,675
1103,video_359,c:\Crawl\video_retrieval_project\data\masks\video_359_frame000305.jpg,305
1104,video_359,c:\Crawl\video_retrieval_project\data\masks\video_359_frame000610.jpg,610
1105,video_359,c:\Crawl\video_retrieval_project\data\masks\video_359_frame000915.jpg,915
1106,video_360,c:\Crawl\video_retrieval_project\data\masks\video_360_frame000725.jpg,725
1107,video_360,c:\Crawl\video_retrieval_project\data\masks\video_360_frame001450.jpg,1450
1108,video_360,c:\Crawl\video_retrieval_project\data\masks\video_360_frame002175.jpg,2175
1109,video_361,c:\Crawl\video_retrieval_project\data\masks\video_361_frame000101.jpg,101
1110,video_361,c:\Crawl\video_retrieval_project\data\masks\video_361_frame000202.jpg,202
1111,video_361,c:\Crawl\video_retrieval_project\data\masks\video_361_frame000303.jpg,303
1112,video_362,c:\Crawl\video_retrieval_project\data\masks\video_362_frame000208.jpg,208
1113,video_362,c:\Crawl\video_retrieval_project\data\masks\video_362_frame000416.jpg,416
1114,video_362,c:\Crawl\video_retrieval_project\data\masks\video_362_frame000624.jpg,624
1115,video_363,c:\Crawl\video_retrieval_project\data\masks\video_363_frame000089.jpg,89
1116,video_363,c:\Crawl\video_retrieval_project\data\masks\video_363_frame000178.jpg,178
1117,video_363,c:\Crawl\video_retrieval_project\data\masks\video_363_frame000267.jpg,267
1118,video_364,c:\Crawl\video_retrieval_project\data\masks\video_364_frame000362.jpg,362
1119,video_364,c:\Crawl\video_retrieval_project\data\masks\video_364_frame000724.jpg,724
1120,video_364,c:\Crawl\video_retrieval_project\data\masks\video_364_frame001086.jpg,1086
1121,video_365,c:\Crawl\video_retrieval_project\data\masks\video_365_frame000222.jpg,222
1122,video_365,c:\Crawl\video_retrieval_project\data\masks\video_365_frame000444.jpg,444
1123,video_365,c:\Crawl\video_retrieval_project\data\masks\video_365_frame000666.jpg,666
1124,video_366,c:\Crawl\video_retrieval_project\data\masks\video_366_frame000116.jpg,116
1125,video_366,c:\Crawl\video_retrieval_project\data\masks\video_366_frame000232.jpg,232
1126,video_366,c:\Crawl\video_retrieval_project\data\masks\video_366_frame000348.jpg,348
1127,video_367,c:\Crawl\video_retrieval_project\data\masks\video_367_frame000100.jpg,100
1128,video_367,c:\Crawl\video_retrieval_project\data\masks\video_367_frame000200.jpg,200
1129,video_367,c:\Crawl\video_retrieval_project\data\masks\video_367_frame000300.jpg,300
1130,video_368,c:\Crawl\video_retrieval_project\data\masks\video_368_frame000051.jpg,51
1131,video_368,c:\Crawl\video_retrieval_project\data\masks\video_368_frame000102.jpg,102
1132,video_368,c:\Crawl\video_retrieval_project\data\masks\video_368_frame000153.jpg,153
1133,video_369,c:\Crawl\video_retrieval_project\data\masks\video_369_frame000230.jpg,230
1134,video_369,c:\Crawl\video_retrieval_project\data\masks\video_369_frame000460.jpg,460
1135,video_369,c:\Crawl\video_retrieval_project\data\masks\video_369_frame000690.jpg,690
1136,video_370,c:\Crawl\video_retrieval_project\data\masks\video_370_frame000094.jpg,94
1137,video_370,c:\Crawl\video_retrieval_project\data\masks\video_370_frame000188.jpg,188
1138,video_370,c:\Crawl\video_retrieval_project\data\masks\video_370_frame000282.jpg,282
1139,video_371,c:\Crawl\video_retrieval_project\data\masks\video_371_frame000072.jpg,72
1140,video_371,c:\Crawl\video_retrieval_project\data\masks\video_371_frame000144.jpg,144
1141,video_371,c:\Crawl\video_retrieval_project\data\masks\video_371_frame000216.jpg,216
1142,video_372,c:\Crawl\video_retrieval_project\data\masks\video_372_frame000205.jpg,205
1143,video_372,c:\Crawl\video_retrieval_project\data\masks\video_372_frame000410.jpg,410
1144,video_372,c:\Crawl\video_retrieval_project\data\masks\video_372_frame000615.jpg,615
1145,video_373,c:\Crawl\video_retrieval_project\data\masks\video_373_frame000170.jpg,170
1146,video_373,c:\Crawl\video_retrieval_project\data\masks\video_373_frame000340.jpg,340
1147,video_373,c:\Crawl\video_retrieval_project\data\masks\video_373_frame000510.jpg,510
1148,video_374,c:\Crawl\video_retrieval_project\data\masks\video_374_frame000440.jpg,440
1149,video_374,c:\Crawl\video_retrieval_project\data\masks\video_374_frame000880.jpg,880
1150,video_374,c:\Crawl\video_retrieval_project\data\masks\video_374_frame001320.jpg,1320
1151,video_375,c:\Crawl\video_retrieval_project\data\masks\video_375_frame000122.jpg,122
1152,video_375,c:\Crawl\video_retrieval_project\data\masks\video_375_frame000244.jpg,244
1153,video_375,c:\Crawl\video_retrieval_project\data\masks\video_375_frame000366.jpg,366
1154,video_376,c:\Crawl\video_retrieval_project\data\masks\video_376_frame000132.jpg,132
1155,video_376,c:\Crawl\video_retrieval_project\data\masks\video_376_frame000264.jpg,264
1156,video_376,c:\Crawl\video_retrieval_project\data\masks\video_376_frame000396.jpg,396
1157,video_377,c:\Crawl\video_retrieval_project\data\masks\video_377_frame000116.jpg,116
1158,video_377,c:\Crawl\video_retrieval_project\data\masks\video_377_frame000232.jpg,232
1159,video_377,c:\Crawl\video_retrieval_project\data\masks\video_377_frame000348.jpg,348
1160,video_378,c:\Crawl\video_retrieval_project\data\masks\video_378_frame000106.jpg,106
1161,video_378,c:\Crawl\video_retrieval_project\data\masks\video_378_frame000212.jpg,212
1162,video_378,c:\Crawl\video_retrieval_project\data\masks\video_378_frame000318.jpg,318
1163,video_379,c:\Crawl\video_retrieval_project\data\masks\video_379_frame000083.jpg,83
1164,video_379,c:\Crawl\video_retrieval_project\data\masks\video_379_frame000166.jpg,166
1165,video_379,c:\Crawl\video_retrieval_project\data\masks\video_379_frame000249.jpg,249
1166,video_380,c:\Crawl\video_retrieval_project\data\masks\video_380_frame000317.jpg,317
1167,video_380,c:\Crawl\video_retrieval_project\data\masks\video_380_frame000634.jpg,634
1168,video_380,c:\Crawl\video_retrieval_project\data\masks\video_380_frame000951.jpg,951
1169,video_381,c:\Crawl\video_retrieval_project\data\masks\video_381_frame000093.jpg,93
1170,video_381,c:\Crawl\video_retrieval_project\data\masks\video_381_frame000186.jpg,186
1171,video_381,c:\Crawl\video_retrieval_project\data\masks\video_381_frame000279.jpg,279
1172,video_381,c:\Crawl\video_retrieval_project\data\masks\video_381_frame000465.jpg,465
1173,video_381,c:\Crawl\video_retrieval_project\data\masks\video_381_frame000557.jpg,557
1174,video_381,c:\Crawl\video_retrieval_project\data\masks\video_381_frame000649.jpg,649
1175,video_382,c:\Crawl\video_retrieval_project\data\masks\video_382_frame000131.jpg,131
1176,video_382,c:\Crawl\video_retrieval_project\data\masks\video_382_frame000262.jpg,262
1177,video_382,c:\Crawl\video_retrieval_project\data\masks\video_382_frame000393.jpg,393
1178,video_383,c:\Crawl\video_retrieval_project\data\masks\video_383_frame000244.jpg,244
1179,video_383,c:\Crawl\video_retrieval_project\data\masks\video_383_frame000488.jpg,488
1180,video_383,c:\Crawl\video_retrieval_project\data\masks\video_383_frame000732.jpg,732
1181,video_384,c:\Crawl\video_retrieval_project\data\masks\video_384_frame000105.jpg,105
1182,video_384,c:\Crawl\video_retrieval_project\data\masks\video_384_frame000210.jpg,210
1183,video_384,c:\Crawl\video_retrieval_project\data\masks\video_384_frame000315.jpg,315
1184,video_385,c:\Crawl\video_retrieval_project\data\masks\video_385_frame000180.jpg,180
1185,video_385,c:\Crawl\video_retrieval_project\data\masks\video_385_frame000360.jpg,360
1186,video_385,c:\Crawl\video_retrieval_project\data\masks\video_385_frame000540.jpg,540
1187,video_386,c:\Crawl\video_retrieval_project\data\masks\video_386_frame000088.jpg,88
1188,video_386,c:\Crawl\video_retrieval_project\data\masks\video_386_frame000176.jpg,176
1189,video_386,c:\Crawl\video_retrieval_project\data\masks\video_386_frame000264.jpg,264
1190,video_387,c:\Crawl\video_retrieval_project\data\masks\video_387_frame000210.jpg,210
1191,video_387,c:\Crawl\video_retrieval_project\data\masks\video_387_frame000420.jpg,420
1192,video_387,c:\Crawl\video_retrieval_project\data\masks\video_387_frame000630.jpg,630
1193,video_388,c:\Crawl\video_retrieval_project\data\masks\video_388_frame000111.jpg,111
1194,video_388,c:\Crawl\video_retrieval_project\data\masks\video_388_frame000222.jpg,222
1195,video_388,c:\Crawl\video_retrieval_project\data\masks\video_388_frame000333.jpg,333
1196,video_389,c:\Crawl\video_retrieval_project\data\masks\video_389_frame000282.jpg,282
1197,video_389,c:\Crawl\video_retrieval_project\data\masks\video_389_frame000564.jpg,564
1198,video_389,c:\Crawl\video_retrieval_project\data\masks\video_389_frame000846.jpg,846
1199,video_390,c:\Crawl\video_retrieval_project\data\masks\video_390_frame000013.jpg,13
1200,video_390,c:\Crawl\video_retrieval_project\data\masks\video_390_frame000090.jpg,90
1201,video_390,c:\Crawl\video_retrieval_project\data\masks\video_390_frame000154.jpg,154
1202,video_390,c:\Crawl\video_retrieval_project\data\masks\video_390_frame000218.jpg,218
1203,video_391,c:\Crawl\video_retrieval_project\data\masks\video_391_frame000225.jpg,225
1204,video_391,c:\Crawl\video_retrieval_project\data\masks\video_391_frame000450.jpg,450
1205,video_391,c:\Crawl\video_retrieval_project\data\masks\video_391_frame000675.jpg,675
1206,video_392,c:\Crawl\video_retrieval_project\data\masks\video_392_frame000253.jpg,253
1207,video_392,c:\Crawl\video_retrieval_project\data\masks\video_392_frame000506.jpg,506
1208,video_392,c:\Crawl\video_retrieval_project\data\masks\video_392_frame000759.jpg,759
1209,video_393,c:\Crawl\video_retrieval_project\data\masks\video_393_frame000101.jpg,101
1210,video_393,c:\Crawl\video_retrieval_project\data\masks\video_393_frame000202.jpg,202
1211,video_393,c:\Crawl\video_retrieval_project\data\masks\video_393_frame000303.jpg,303
1212,video_394,c:\Crawl\video_retrieval_project\data\masks\video_394_frame000079.jpg,79
1213,video_394,c:\Crawl\video_retrieval_project\data\masks\video_394_frame000158.jpg,158
1214,video_394,c:\Crawl\video_retrieval_project\data\masks\video_394_frame000237.jpg,237
1215,video_395,c:\Crawl\video_retrieval_project\data\masks\video_395_frame000157.jpg,157
1216,video_395,c:\Crawl\video_retrieval_project\data\masks\video_395_frame000314.jpg,314
1217,video_395,c:\Crawl\video_retrieval_project\data\masks\video_395_frame000471.jpg,471
1218,video_396,c:\Crawl\video_retrieval_project\data\masks\video_396_frame000087.jpg,87
1219,video_396,c:\Crawl\video_retrieval_project\data\masks\video_396_frame000174.jpg,174
1220,video_396,c:\Crawl\video_retrieval_project\data\masks\video_396_frame000261.jpg,261
1221,video_397,c:\Crawl\video_retrieval_project\data\masks\video_397_frame000112.jpg,112
1222,video_397,c:\Crawl\video_retrieval_project\data\masks\video_397_frame000224.jpg,224
1223,video_397,c:\Crawl\video_retrieval_project\data\masks\video_397_frame000336.jpg,336
1224,video_398,c:\Crawl\video_retrieval_project\data\masks\video_398_frame000375.jpg,375
1225,video_398,c:\Crawl\video_retrieval_project\data\masks\video_398_frame000750.jpg,750
1226,video_398,c:\Crawl\video_retrieval_project\data\masks\video_398_frame001125.jpg,1125
1227,video_399,c:\Crawl\video_retrieval_project\data\masks\video_399_frame000077.jpg,77
1228,video_399,c:\Crawl\video_retrieval_project\data\masks\video_399_frame000154.jpg,154
1229,video_399,c:\Crawl\video_retrieval_project\data\masks\video_399_frame000231.jpg,231
1230,video_400,c:\Crawl\video_retrieval_project\data\masks\video_400_frame000158.jpg,158
1231,video_400,c:\Crawl\video_retrieval_project\data\masks\video_400_frame000316.jpg,316
1232,video_400,c:\Crawl\video_retrieval_project\data\masks\video_400_frame000474.jpg,474
1233,video_401,c:\Crawl\video_retrieval_project\data\masks\video_401_frame000126.jpg,126
1234,video_401,c:\Crawl\video_retrieval_project\data\masks\video_401_frame000252.jpg,252
1235,video_401,c:\Crawl\video_retrieval_project\data\masks\video_401_frame000378.jpg,378
1236,video_402,c:\Crawl\video_retrieval_project\data\masks\video_402_frame000143.jpg,143
1237,video_402,c:\Crawl\video_retrieval_project\data\masks\video_402_frame000286.jpg,286
1238,video_402,c:\Crawl\video_retrieval_project\data\masks\video_402_frame000429.jpg,429
1239,video_403,c:\Crawl\video_retrieval_project\data\masks\video_403_frame000185.jpg,185
1240,video_403,c:\Crawl\video_retrieval_project\data\masks\video_403_frame000357.jpg,357
1241,video_403,c:\Crawl\video_retrieval_project\data\masks\video_403_frame000529.jpg,529
1242,video_404,c:\Crawl\video_retrieval_project\data\masks\video_404_frame000096.jpg,96
1243,video_404,c:\Crawl\video_retrieval_project\data\masks\video_404_frame000192.jpg,192
1244,video_404,c:\Crawl\video_retrieval_project\data\masks\video_404_frame000288.jpg,288
1245,video_405,c:\Crawl\video_retrieval_project\data\masks\video_405_frame000226.jpg,226
1246,video_405,c:\Crawl\video_retrieval_project\data\masks\video_405_frame000452.jpg,452
1247,video_405,c:\Crawl\video_retrieval_project\data\masks\video_405_frame000678.jpg,678
1248,video_406,c:\Crawl\video_retrieval_project\data\masks\video_406_frame000204.jpg,204
1249,video_406,c:\Crawl\video_retrieval_project\data\masks\video_406_frame000408.jpg,408
1250,video_406,c:\Crawl\video_retrieval_project\data\masks\video_406_frame000612.jpg,612
1251,video_406,c:\Crawl\video_retrieval_project\data\masks\video_406_frame000828.jpg,828
1252,video_406,c:\Crawl\video_retrieval_project\data\masks\video_406_frame000994.jpg,994
1253,video_406,c:\Crawl\video_retrieval_project\data\masks\video_406_frame001146.jpg,1146
1254,video_406,c:\Crawl\video_retrieval_project\data\masks\video_406_frame001298.jpg,1298
1255,video_407,c:\Crawl\video_retrieval_project\data\masks\video_407_frame000103.jpg,103
1256,video_407,c:\Crawl\video_retrieval_project\data\masks\video_407_frame000206.jpg,206
1257,video_407,c:\Crawl\video_retrieval_project\data\masks\video_407_frame000309.jpg,309
1258,video_408,c:\Crawl\video_retrieval_project\data\masks\video_408_frame000138.jpg,138
1259,video_408,c:\Crawl\video_retrieval_project\data\masks\video_408_frame000276.jpg,276
1260,video_408,c:\Crawl\video_retrieval_project\data\masks\video_408_frame000414.jpg,414
1261,video_409,c:\Crawl\video_retrieval_project\data\masks\video_409_frame000186.jpg,186
1262,video_409,c:\Crawl\video_retrieval_project\data\masks\video_409_frame000372.jpg,372
1263,video_409,c:\Crawl\video_retrieval_project\data\masks\video_409_frame000558.jpg,558
1264,video_410,c:\Crawl\video_retrieval_project\data\masks\video_410_frame000148.jpg,148
1265,video_410,c:\Crawl\video_retrieval_project\data\masks\video_410_frame000296.jpg,296
1266,video_410,c:\Crawl\video_retrieval_project\data\masks\video_410_frame000444.jpg,444
1267,video_411,c:\Crawl\video_retrieval_project\data\masks\video_411_frame000139.jpg,139
1268,video_411,c:\Crawl\video_retrieval_project\data\masks\video_411_frame000278.jpg,278
1269,video_411,c:\Crawl\video_retrieval_project\data\masks\video_411_frame000417.jpg,417
1270,video_412,c:\Crawl\video_retrieval_project\data\masks\video_412_frame000103.jpg,103
1271,video_412,c:\Crawl\video_retrieval_project\data\masks\video_412_frame000206.jpg,206
1272,video_412,c:\Crawl\video_retrieval_project\data\masks\video_412_frame000309.jpg,309
1273,video_413,c:\Crawl\video_retrieval_project\data\masks\video_413_frame000103.jpg,103
1274,video_413,c:\Crawl\video_retrieval_project\data\masks\video_413_frame000206.jpg,206
1275,video_413,c:\Crawl\video_retrieval_project\data\masks\video_413_frame000309.jpg,309
1276,video_414,c:\Crawl\video_retrieval_project\data\masks\video_414_frame000105.jpg,105
1277,video_414,c:\Crawl\video_retrieval_project\data\masks\video_414_frame000210.jpg,210
1278,video_414,c:\Crawl\video_retrieval_project\data\masks\video_414_frame000315.jpg,315
1279,video_415,c:\Crawl\video_retrieval_project\data\masks\video_415_frame000111.jpg,111
1280,video_415,c:\Crawl\video_retrieval_project\data\masks\video_415_frame000222.jpg,222
1281,video_415,c:\Crawl\video_retrieval_project\data\masks\video_415_frame000333.jpg,333
1282,video_416,c:\Crawl\video_retrieval_project\data\masks\video_416_frame000086.jpg,86
1283,video_416,c:\Crawl\video_retrieval_project\data\masks\video_416_frame000172.jpg,172
1284,video_416,c:\Crawl\video_retrieval_project\data\masks\video_416_frame000258.jpg,258
1285,video_417,c:\Crawl\video_retrieval_project\data\masks\video_417_frame000180.jpg,180
1286,video_417,c:\Crawl\video_retrieval_project\data\masks\video_417_frame000360.jpg,360
1287,video_417,c:\Crawl\video_retrieval_project\data\masks\video_417_frame000540.jpg,540
1288,video_418,c:\Crawl\video_retrieval_project\data\masks\video_418_frame000317.jpg,317
1289,video_418,c:\Crawl\video_retrieval_project\data\masks\video_418_frame000634.jpg,634
1290,video_418,c:\Crawl\video_retrieval_project\data\masks\video_418_frame000951.jpg,951
1291,video_419,c:\Crawl\video_retrieval_project\data\masks\video_419_frame000016.jpg,16
1292,video_419,c:\Crawl\video_retrieval_project\data\masks\video_419_frame000378.jpg,378
1293,video_419,c:\Crawl\video_retrieval_project\data\masks\video_419_frame000722.jpg,722
1294,video_419,c:\Crawl\video_retrieval_project\data\masks\video_419_frame001066.jpg,1066
1295,video_420,c:\Crawl\video_retrieval_project\data\masks\video_420_frame000375.jpg,375
1296,video_420,c:\Crawl\video_retrieval_project\data\masks\video_420_frame000750.jpg,750
1297,video_420,c:\Crawl\video_retrieval_project\data\masks\video_420_frame001125.jpg,1125
1298,video_421,c:\Crawl\video_retrieval_project\data\masks\video_421_frame000153.jpg,153
1299,video_421,c:\Crawl\video_retrieval_project\data\masks\video_421_frame000306.jpg,306
1300,video_421,c:\Crawl\video_retrieval_project\data\masks\video_421_frame000459.jpg,459
1301,video_422,c:\Crawl\video_retrieval_project\data\masks\video_422_frame000470.jpg,470
1302,video_422,c:\Crawl\video_retrieval_project\data\masks\video_422_frame000940.jpg,940
1303,video_422,c:\Crawl\video_retrieval_project\data\masks\video_422_frame001410.jpg,1410
1304,video_423,c:\Crawl\video_retrieval_project\data\masks\video_423_frame000387.jpg,387
1305,video_423,c:\Crawl\video_retrieval_project\data\masks\video_423_frame000774.jpg,774
1306,video_423,c:\Crawl\video_retrieval_project\data\masks\video_423_frame001161.jpg,1161
1307,video_424,c:\Crawl\video_retrieval_project\data\masks\video_424_frame000167.jpg,167
1308,video_424,c:\Crawl\video_retrieval_project\data\masks\video_424_frame000334.jpg,334
1309,video_424,c:\Crawl\video_retrieval_project\data\masks\video_424_frame000501.jpg,501
1310,video_425,c:\Crawl\video_retrieval_project\data\masks\video_425_frame000122.jpg,122
1311,video_425,c:\Crawl\video_retrieval_project\data\masks\video_425_frame000244.jpg,244
1312,video_425,c:\Crawl\video_retrieval_project\data\masks\video_425_frame000366.jpg,366
1313,video_426,c:\Crawl\video_retrieval_project\data\masks\video_426_frame000164.jpg,164
1314,video_426,c:\Crawl\video_retrieval_project\data\masks\video_426_frame000328.jpg,328
1315,video_426,c:\Crawl\video_retrieval_project\data\masks\video_426_frame000492.jpg,492
1316,video_427,c:\Crawl\video_retrieval_project\data\masks\video_427_frame000152.jpg,152
1317,video_427,c:\Crawl\video_retrieval_project\data\masks\video_427_frame000304.jpg,304
1318,video_427,c:\Crawl\video_retrieval_project\data\masks\video_427_frame000456.jpg,456
1319,video_428,c:\Crawl\video_retrieval_project\data\masks\video_428_frame000219.jpg,219
1320,video_428,c:\Crawl\video_retrieval_project\data\masks\video_428_frame000438.jpg,438
1321,video_428,c:\Crawl\video_retrieval_project\data\masks\video_428_frame000657.jpg,657
1322,video_429,c:\Crawl\video_retrieval_project\data\masks\video_429_frame000239.jpg,239
1323,video_429,c:\Crawl\video_retrieval_project\data\masks\video_429_frame000478.jpg,478
1324,video_429,c:\Crawl\video_retrieval_project\data\masks\video_429_frame000717.jpg,717
1325,video_430,c:\Crawl\video_retrieval_project\data\masks\video_430_frame000067.jpg,67
1326,video_430,c:\Crawl\video_retrieval_project\data\masks\video_430_frame000134.jpg,134
1327,video_430,c:\Crawl\video_retrieval_project\data\masks\video_430_frame000201.jpg,201
1328,video_431,c:\Crawl\video_retrieval_project\data\masks\video_431_frame000211.jpg,211
1329,video_431,c:\Crawl\video_retrieval_project\data\masks\video_431_frame000422.jpg,422
1330,video_431,c:\Crawl\video_retrieval_project\data\masks\video_431_frame000633.jpg,633
1331,video_432,c:\Crawl\video_retrieval_project\data\masks\video_432_frame000140.jpg,140
1332,video_432,c:\Crawl\video_retrieval_project\data\masks\video_432_frame000280.jpg,280
1333,video_432,c:\Crawl\video_retrieval_project\data\masks\video_432_frame000420.jpg,420
1334,video_433,c:\Crawl\video_retrieval_project\data\masks\video_433_frame000135.jpg,135
1335,video_433,c:\Crawl\video_retrieval_project\data\masks\video_433_frame000270.jpg,270
1336,video_433,c:\Crawl\video_retrieval_project\data\masks\video_433_frame000405.jpg,405
1337,video_434,c:\Crawl\video_retrieval_project\data\masks\video_434_frame000193.jpg,193
1338,video_434,c:\Crawl\video_retrieval_project\data\masks\video_434_frame000386.jpg,386
1339,video_434,c:\Crawl\video_retrieval_project\data\masks\video_434_frame000579.jpg,579
1340,video_434,c:\Crawl\video_retrieval_project\data\masks\video_434_frame001097.jpg,1097
1341,video_434,c:\Crawl\video_retrieval_project\data\masks\video_434_frame001421.jpg,1421
1342,video_434,c:\Crawl\video_retrieval_project\data\masks\video_434_frame001745.jpg,1745
1343,video_435,c:\Crawl\video_retrieval_project\data\masks\video_435_frame000111.jpg,111
1344,video_435,c:\Crawl\video_retrieval_project\data\masks\video_435_frame000222.jpg,222
1345,video_435,c:\Crawl\video_retrieval_project\data\masks\video_435_frame000333.jpg,333
1346,video_436,c:\Crawl\video_retrieval_project\data\masks\video_436_frame000104.jpg,104
1347,video_436,c:\Crawl\video_retrieval_project\data\masks\video_436_frame000208.jpg,208
1348,video_436,c:\Crawl\video_retrieval_project\data\masks\video_436_frame000312.jpg,312
1349,video_437,c:\Crawl\video_retrieval_project\data\masks\video_437_frame000158.jpg,158
1350,video_437,c:\Crawl\video_retrieval_project\data\masks\video_437_frame000316.jpg,316
1351,video_437,c:\Crawl\video_retrieval_project\data\masks\video_437_frame000474.jpg,474
1352,video_438,c:\Crawl\video_retrieval_project\data\masks\video_438_frame000142.jpg,142
1353,video_438,c:\Crawl\video_retrieval_project\data\masks\video_438_frame000284.jpg,284
1354,video_438,c:\Crawl\video_retrieval_project\data\masks\video_438_frame000426.jpg,426
1355,video_439,c:\Crawl\video_retrieval_project\data\masks\video_439_frame000184.jpg,184
1356,video_439,c:\Crawl\video_retrieval_project\data\masks\video_439_frame000368.jpg,368
1357,video_439,c:\Crawl\video_retrieval_project\data\masks\video_439_frame000552.jpg,552
1358,video_440,c:\Crawl\video_retrieval_project\data\masks\video_440_frame000091.jpg,91
1359,video_440,c:\Crawl\video_retrieval_project\data\masks\video_440_frame000182.jpg,182
1360,video_440,c:\Crawl\video_retrieval_project\data\masks\video_440_frame000273.jpg,273
1361,video_441,c:\Crawl\video_retrieval_project\data\masks\video_441_frame000182.jpg,182
1362,video_441,c:\Crawl\video_retrieval_project\data\masks\video_441_frame000364.jpg,364
1363,video_441,c:\Crawl\video_retrieval_project\data\masks\video_441_frame000546.jpg,546
1364,video_442,c:\Crawl\video_retrieval_project\data\masks\video_442_frame000082.jpg,82
1365,video_442,c:\Crawl\video_retrieval_project\data\masks\video_442_frame000164.jpg,164
1366,video_442,c:\Crawl\video_retrieval_project\data\masks\video_442_frame000246.jpg,246
1367,video_443,c:\Crawl\video_retrieval_project\data\masks\video_443_frame000097.jpg,97
1368,video_443,c:\Crawl\video_retrieval_project\data\masks\video_443_frame000194.jpg,194
1369,video_443,c:\Crawl\video_retrieval_project\data\masks\video_443_frame000291.jpg,291
1370,video_444,c:\Crawl\video_retrieval_project\data\masks\video_444_frame000077.jpg,77
1371,video_444,c:\Crawl\video_retrieval_project\data\masks\video_444_frame000154.jpg,154
1372,video_444,c:\Crawl\video_retrieval_project\data\masks\video_444_frame000231.jpg,231
1373,video_445,c:\Crawl\video_retrieval_project\data\masks\video_445_frame000240.jpg,240
1374,video_445,c:\Crawl\video_retrieval_project\data\masks\video_445_frame000480.jpg,480
1375,video_445,c:\Crawl\video_retrieval_project\data\masks\video_445_frame000720.jpg,720
1376,video_446,c:\Crawl\video_retrieval_project\data\masks\video_446_frame000110.jpg,110
1377,video_446,c:\Crawl\video_retrieval_project\data\masks\video_446_frame000220.jpg,220
1378,video_446,c:\Crawl\video_retrieval_project\data\masks\video_446_frame000330.jpg,330
1379,video_447,c:\Crawl\video_retrieval_project\data\masks\video_447_frame000127.jpg,127
1380,video_447,c:\Crawl\video_retrieval_project\data\masks\video_447_frame000254.jpg,254
1381,video_447,c:\Crawl\video_retrieval_project\data\masks\video_447_frame000381.jpg,381
1382,video_448,c:\Crawl\video_retrieval_project\data\masks\video_448_frame000256.jpg,256
1383,video_448,c:\Crawl\video_retrieval_project\data\masks\video_448_frame000512.jpg,512
1384,video_448,c:\Crawl\video_retrieval_project\data\masks\video_448_frame000768.jpg,768
1385,video_449,c:\Crawl\video_retrieval_project\data\masks\video_449_frame000120.jpg,120
1386,video_449,c:\Crawl\video_retrieval_project\data\masks\video_449_frame000240.jpg,240
1387,video_449,c:\Crawl\video_retrieval_project\data\masks\video_449_frame000360.jpg,360
1388,video_450,c:\Crawl\video_retrieval_project\data\masks\video_450_frame000750.jpg,750
1389,video_450,c:\Crawl\video_retrieval_project\data\masks\video_450_frame001500.jpg,1500
1390,video_450,c:\Crawl\video_retrieval_project\data\masks\video_450_frame002250.jpg,2250
1391,video_451,c:\Crawl\video_retrieval_project\data\masks\video_451_frame000124.jpg,124
1392,video_451,c:\Crawl\video_retrieval_project\data\masks\video_451_frame000248.jpg,248
1393,video_451,c:\Crawl\video_retrieval_project\data\masks\video_451_frame000372.jpg,372
1394,video_452,c:\Crawl\video_retrieval_project\data\masks\video_452_frame000180.jpg,180
1395,video_452,c:\Crawl\video_retrieval_project\data\masks\video_452_frame000360.jpg,360
1396,video_452,c:\Crawl\video_retrieval_project\data\masks\video_452_frame000540.jpg,540
1397,video_453,c:\Crawl\video_retrieval_project\data\masks\video_453_frame000120.jpg,120
1398,video_453,c:\Crawl\video_retrieval_project\data\masks\video_453_frame000240.jpg,240
1399,video_453,c:\Crawl\video_retrieval_project\data\masks\video_453_frame000360.jpg,360
1400,video_454,c:\Crawl\video_retrieval_project\data\masks\video_454_frame000138.jpg,138
1401,video_454,c:\Crawl\video_retrieval_project\data\masks\video_454_frame000276.jpg,276
1402,video_454,c:\Crawl\video_retrieval_project\data\masks\video_454_frame000414.jpg,414
1403,video_455,c:\Crawl\video_retrieval_project\data\masks\video_455_frame000096.jpg,96
1404,video_455,c:\Crawl\video_retrieval_project\data\masks\video_455_frame000192.jpg,192
1405,video_455,c:\Crawl\video_retrieval_project\data\masks\video_455_frame000288.jpg,288
1406,video_456,c:\Crawl\video_retrieval_project\data\masks\video_456_frame000120.jpg,120
1407,video_456,c:\Crawl\video_retrieval_project\data\masks\video_456_frame000240.jpg,240
1408,video_456,c:\Crawl\video_retrieval_project\data\masks\video_456_frame000360.jpg,360
1409,video_457,c:\Crawl\video_retrieval_project\data\masks\video_457_frame000271.jpg,271
1410,video_457,c:\Crawl\video_retrieval_project\data\masks\video_457_frame000542.jpg,542
1411,video_457,c:\Crawl\video_retrieval_project\data\masks\video_457_frame000813.jpg,813
1412,video_458,c:\Crawl\video_retrieval_project\data\masks\video_458_frame000079.jpg,79
1413,video_458,c:\Crawl\video_retrieval_project\data\masks\video_458_frame000158.jpg,158
1414,video_458,c:\Crawl\video_retrieval_project\data\masks\video_458_frame000237.jpg,237
1415,video_459,c:\Crawl\video_retrieval_project\data\masks\video_459_frame000100.jpg,100
1416,video_459,c:\Crawl\video_retrieval_project\data\masks\video_459_frame000200.jpg,200
1417,video_459,c:\Crawl\video_retrieval_project\data\masks\video_459_frame000300.jpg,300
1418,video_460,c:\Crawl\video_retrieval_project\data\masks\video_460_frame000139.jpg,139
1419,video_460,c:\Crawl\video_retrieval_project\data\masks\video_460_frame000278.jpg,278
1420,video_460,c:\Crawl\video_retrieval_project\data\masks\video_460_frame000417.jpg,417
1421,video_461,c:\Crawl\video_retrieval_project\data\masks\video_461_frame000179.jpg,179
1422,video_461,c:\Crawl\video_retrieval_project\data\masks\video_461_frame000358.jpg,358
1423,video_461,c:\Crawl\video_retrieval_project\data\masks\video_461_frame000537.jpg,537
1424,video_462,c:\Crawl\video_retrieval_project\data\masks\video_462_frame000125.jpg,125
1425,video_462,c:\Crawl\video_retrieval_project\data\masks\video_462_frame000250.jpg,250
1426,video_462,c:\Crawl\video_retrieval_project\data\masks\video_462_frame000375.jpg,375
1427,video_463,c:\Crawl\video_retrieval_project\data\masks\video_463_frame000123.jpg,123
1428,video_463,c:\Crawl\video_retrieval_project\data\masks\video_463_frame000246.jpg,246
1429,video_463,c:\Crawl\video_retrieval_project\data\masks\video_463_frame000369.jpg,369
1430,video_464,c:\Crawl\video_retrieval_project\data\masks\video_464_frame000255.jpg,255
1431,video_464,c:\Crawl\video_retrieval_project\data\masks\video_464_frame000510.jpg,510
1432,video_464,c:\Crawl\video_retrieval_project\data\masks\video_464_frame000765.jpg,765
1433,video_465,c:\Crawl\video_retrieval_project\data\masks\video_465_frame000369.jpg,369
1434,video_465,c:\Crawl\video_retrieval_project\data\masks\video_465_frame000738.jpg,738
1435,video_465,c:\Crawl\video_retrieval_project\data\masks\video_465_frame001107.jpg,1107
1436,video_466,c:\Crawl\video_retrieval_project\data\masks\video_466_frame000441.jpg,441
1437,video_466,c:\Crawl\video_retrieval_project\data\masks\video_466_frame000882.jpg,882
1438,video_466,c:\Crawl\video_retrieval_project\data\masks\video_466_frame001323.jpg,1323
1439,video_467,c:\Crawl\video_retrieval_project\data\masks\video_467_frame000383.jpg,383
1440,video_467,c:\Crawl\video_retrieval_project\data\masks\video_467_frame000766.jpg,766
1441,video_467,c:\Crawl\video_retrieval_project\data\masks\video_467_frame001149.jpg,1149
1442,video_468,c:\Crawl\video_retrieval_project\data\masks\video_468_frame000442.jpg,442
1443,video_468,c:\Crawl\video_retrieval_project\data\masks\video_468_frame000884.jpg,884
1444,video_468,c:\Crawl\video_retrieval_project\data\masks\video_468_frame001326.jpg,1326
1445,video_469,c:\Crawl\video_retrieval_project\data\masks\video_469_frame000170.jpg,170
1446,video_469,c:\Crawl\video_retrieval_project\data\masks\video_469_frame000340.jpg,340
1447,video_469,c:\Crawl\video_retrieval_project\data\masks\video_469_frame000510.jpg,510
1448,video_470,c:\Crawl\video_retrieval_project\data\masks\video_470_frame000108.jpg,108
1449,video_470,c:\Crawl\video_retrieval_project\data\masks\video_470_frame000216.jpg,216
1450,video_470,c:\Crawl\video_retrieval_project\data\masks\video_470_frame000324.jpg,324
1451,video_471,c:\Crawl\video_retrieval_project\data\masks\video_471_frame000075.jpg,75
1452,video_471,c:\Crawl\video_retrieval_project\data\masks\video_471_frame000150.jpg,150
1453,video_471,c:\Crawl\video_retrieval_project\data\masks\video_471_frame000225.jpg,225
1454,video_472,c:\Crawl\video_retrieval_project\data\masks\video_472_frame000074.jpg,74
1455,video_472,c:\Crawl\video_retrieval_project\data\masks\video_472_frame000148.jpg,148
1456,video_472,c:\Crawl\video_retrieval_project\data\masks\video_472_frame000222.jpg,222
1457,video_472,c:\Crawl\video_retrieval_project\data\masks\video_472_frame000404.jpg,404
1458,video_472,c:\Crawl\video_retrieval_project\data\masks\video_472_frame000509.jpg,509
1459,video_472,c:\Crawl\video_retrieval_project\data\masks\video_472_frame000614.jpg,614
1460,video_473,c:\Crawl\video_retrieval_project\data\masks\video_473_frame000091.jpg,91
1461,video_473,c:\Crawl\video_retrieval_project\data\masks\video_473_frame000182.jpg,182
1462,video_473,c:\Crawl\video_retrieval_project\data\masks\video_473_frame000273.jpg,273
1463,video_474,c:\Crawl\video_retrieval_project\data\masks\video_474_frame000124.jpg,124
1464,video_474,c:\Crawl\video_retrieval_project\data\masks\video_474_frame000248.jpg,248
1465,video_474,c:\Crawl\video_retrieval_project\data\masks\video_474_frame000372.jpg,372
1466,video_475,c:\Crawl\video_retrieval_project\data\masks\video_475_frame000164.jpg,164
1467,video_475,c:\Crawl\video_retrieval_project\data\masks\video_475_frame000328.jpg,328
1468,video_475,c:\Crawl\video_retrieval_project\data\masks\video_475_frame000492.jpg,492
1469,video_476,c:\Crawl\video_retrieval_project\data\masks\video_476_frame000262.jpg,262
1470,video_476,c:\Crawl\video_retrieval_project\data\masks\video_476_frame000524.jpg,524
1471,video_476,c:\Crawl\video_retrieval_project\data\masks\video_476_frame000786.jpg,786
1472,video_477,c:\Crawl\video_retrieval_project\data\masks\video_477_frame000130.jpg,130
1473,video_477,c:\Crawl\video_retrieval_project\data\masks\video_477_frame000260.jpg,260
1474,video_477,c:\Crawl\video_retrieval_project\data\masks\video_477_frame000390.jpg,390
1475,video_478,c:\Crawl\video_retrieval_project\data\masks\video_478_frame000309.jpg,309
1476,video_478,c:\Crawl\video_retrieval_project\data\masks\video_478_frame000618.jpg,618
1477,video_478,c:\Crawl\video_retrieval_project\data\masks\video_478_frame000927.jpg,927
1478,video_479,c:\Crawl\video_retrieval_project\data\masks\video_479_frame000225.jpg,225
1479,video_479,c:\Crawl\video_retrieval_project\data\masks\video_479_frame000450.jpg,450
1480,video_479,c:\Crawl\video_retrieval_project\data\masks\video_479_frame000675.jpg,675
1481,video_480,c:\Crawl\video_retrieval_project\data\masks\video_480_frame000227.jpg,227
1482,video_480,c:\Crawl\video_retrieval_project\data\masks\video_480_frame000454.jpg,454
1483,video_480,c:\Crawl\video_retrieval_project\data\masks\video_480_frame000681.jpg,681
1484,video_481,c:\Crawl\video_retrieval_project\data\masks\video_481_frame000256.jpg,256
1485,video_481,c:\Crawl\video_retrieval_project\data\masks\video_481_frame000512.jpg,512
1486,video_481,c:\Crawl\video_retrieval_project\data\masks\video_481_frame000768.jpg,768
1487,video_482,c:\Crawl\video_retrieval_project\data\masks\video_482_frame000237.jpg,237
1488,video_482,c:\Crawl\video_retrieval_project\data\masks\video_482_frame000474.jpg,474
1489,video_482,c:\Crawl\video_retrieval_project\data\masks\video_482_frame000711.jpg,711
1490,video_483,c:\Crawl\video_retrieval_project\data\masks\video_483_frame000138.jpg,138
1491,video_483,c:\Crawl\video_retrieval_project\data\masks\video_483_frame000276.jpg,276
1492,video_483,c:\Crawl\video_retrieval_project\data\masks\video_483_frame000414.jpg,414
1493,video_484,c:\Crawl\video_retrieval_project\data\masks\video_484_frame000181.jpg,181
1494,video_484,c:\Crawl\video_retrieval_project\data\masks\video_484_frame000362.jpg,362
1495,video_484,c:\Crawl\video_retrieval_project\data\masks\video_484_frame000543.jpg,543
1496,video_485,c:\Crawl\video_retrieval_project\data\masks\video_485_frame000359.jpg,359
1497,video_485,c:\Crawl\video_retrieval_project\data\masks\video_485_frame000718.jpg,718
1498,video_485,c:\Crawl\video_retrieval_project\data\masks\video_485_frame001077.jpg,1077
1499,video_486,c:\Crawl\video_retrieval_project\data\masks\video_486_frame000117.jpg,117
1500,video_486,c:\Crawl\video_retrieval_project\data\masks\video_486_frame000234.jpg,234
1501,video_486,c:\Crawl\video_retrieval_project\data\masks\video_486_frame000351.jpg,351
1502,video_487,c:\Crawl\video_retrieval_project\data\masks\video_487_frame000130.jpg,130
1503,video_487,c:\Crawl\video_retrieval_project\data\masks\video_487_frame000260.jpg,260
1504,video_487,c:\Crawl\video_retrieval_project\data\masks\video_487_frame000390.jpg,390
1505,video_488,c:\Crawl\video_retrieval_project\data\masks\video_488_frame000104.jpg,104
1506,video_488,c:\Crawl\video_retrieval_project\data\masks\video_488_frame000208.jpg,208
1507,video_488,c:\Crawl\video_retrieval_project\data\masks\video_488_frame000312.jpg,312
1508,video_489,c:\Crawl\video_retrieval_project\data\masks\video_489_frame000114.jpg,114
1509,video_489,c:\Crawl\video_retrieval_project\data\masks\video_489_frame000228.jpg,228
1510,video_489,c:\Crawl\video_retrieval_project\data\masks\video_489_frame000342.jpg,342
1511,video_490,c:\Crawl\video_retrieval_project\data\masks\video_490_frame000117.jpg,117
1512,video_490,c:\Crawl\video_retrieval_project\data\masks\video_490_frame000234.jpg,234
1513,video_490,c:\Crawl\video_retrieval_project\data\masks\video_490_frame000351.jpg,351
1514,video_491,c:\Crawl\video_retrieval_project\data\masks\video_491_frame000087.jpg,87
1515,video_491,c:\Crawl\video_retrieval_project\data\masks\video_491_frame000174.jpg,174
1516,video_491,c:\Crawl\video_retrieval_project\data\masks\video_491_frame000261.jpg,261
1517,video_492,c:\Crawl\video_retrieval_project\data\masks\video_492_frame000105.jpg,105
1518,video_492,c:\Crawl\video_retrieval_project\data\masks\video_492_frame000210.jpg,210
1519,video_492,c:\Crawl\video_retrieval_project\data\masks\video_492_frame000315.jpg,315
1520,video_493,c:\Crawl\video_retrieval_project\data\masks\video_493_frame000237.jpg,237
1521,video_493,c:\Crawl\video_retrieval_project\data\masks\video_493_frame000474.jpg,474
1522,video_493,c:\Crawl\video_retrieval_project\data\masks\video_493_frame000711.jpg,711
1523,video_494,c:\Crawl\video_retrieval_project\data\masks\video_494_frame000120.jpg,120
1524,video_494,c:\Crawl\video_retrieval_project\data\masks\video_494_frame000240.jpg,240
1525,video_494,c:\Crawl\video_retrieval_project\data\masks\video_494_frame000360.jpg,360
1526,video_495,c:\Crawl\video_retrieval_project\data\masks\video_495_frame000369.jpg,369
1527,video_495,c:\Crawl\video_retrieval_project\data\masks\video_495_frame000738.jpg,738
1528,video_495,c:\Crawl\video_retrieval_project\data\masks\video_495_frame001107.jpg,1107
1529,video_496,c:\Crawl\video_retrieval_project\data\masks\video_496_frame000223.jpg,223
1530,video_496,c:\Crawl\video_retrieval_project\data\masks\video_496_frame000446.jpg,446
1531,video_496,c:\Crawl\video_retrieval_project\data\masks\video_496_frame000669.jpg,669
1532,video_497,c:\Crawl\video_retrieval_project\data\masks\video_497_frame000194.jpg,194
1533,video_497,c:\Crawl\video_retrieval_project\data\masks\video_497_frame000388.jpg,388
1534,video_497,c:\Crawl\video_retrieval_project\data\masks\video_497_frame000582.jpg,582
1535,video_498,c:\Crawl\video_retrieval_project\data\masks\video_498_frame000039.jpg,39
1536,video_498,c:\Crawl\video_retrieval_project\data\masks\video_498_frame000078.jpg,78
1537,video_498,c:\Crawl\video_retrieval_project\data\masks\video_498_frame000117.jpg,117
1538,video_499,c:\Crawl\video_retrieval_project\data\masks\video_499_frame000154.jpg,154
1539,video_499,c:\Crawl\video_retrieval_project\data\masks\video_499_frame000308.jpg,308
1540,video_499,c:\Crawl\video_retrieval_project\data\masks\video_499_frame000462.jpg,462
1541,video_500,c:\Crawl\video_retrieval_project\data\masks\video_500_frame000165.jpg,165
1542,video_500,c:\Crawl\video_retrieval_project\data\masks\video_500_frame000330.jpg,330
1543,video_500,c:\Crawl\video_retrieval_project\data\masks\video_500_frame000495.jpg,495
